k=397 t=0   0.37%  idx=5.850390e+13/1.580183e+16 surv=1 checked=5.8504e+13 rate=1.950e+11/s elapsed=0.08h block_eta=22.42h
k=397 t=0   0.70%  idx=1.107651e+14/1.580183e+16 surv=1 checked=1.1077e+14 rate=1.846e+11/s elapsed=0.17h block_eta=23.61h
k=397 t=0   1.05%  idx=1.653573e+14/1.580183e+16 surv=1 checked=1.6536e+14 rate=1.837e+11/s elapsed=0.25h block_eta=23.64h
k=397 t=0   1.37%  idx=2.163998e+14/1.580183e+16 surv=1 checked=2.1640e+14 rate=1.803e+11/s elapsed=0.33h block_eta=24.01h
k=397 t=0   1.71%  idx=2.705862e+14/1.580183e+16 surv=1 checked=2.7059e+14 rate=1.804e+11/s elapsed=0.42h block_eta=23.92h
k=397 t=0   2.07%  idx=3.265174e+14/1.580183e+16 surv=1 checked=3.2652e+14 rate=1.814e+11/s elapsed=0.50h block_eta=23.70h
k=397 t=0   2.42%  idx=3.816970e+14/1.580183e+16 surv=1 checked=3.8170e+14 rate=1.818e+11/s elapsed=0.58h block_eta=23.57h
k=397 t=0   2.74%  idx=4.328404e+14/1.580183e+16 surv=1 checked=4.3284e+14 rate=1.803e+11/s elapsed=0.67h block_eta=23.67h
k=397 t=0   3.08%  idx=4.865457e+14/1.580183e+16 surv=1 checked=4.8655e+14 rate=1.802e+11/s elapsed=0.75h block_eta=23.61h
k=397 t=0   3.44%  idx=5.435496e+14/1.580183e+16 surv=1 checked=5.4355e+14 rate=1.812e+11/s elapsed=0.83h block_eta=23.39h
k=397 t=0   3.78%  idx=5.977113e+14/1.580183e+16 surv=1 checked=5.9771e+14 rate=1.811e+11/s elapsed=0.92h block_eta=23.32h
k=397 t=0   4.12%  idx=6.515540e+14/1.580183e+16 surv=1 checked=6.5155e+14 rate=1.810e+11/s elapsed=1.00h block_eta=23.25h
k=397 t=0   4.46%  idx=7.043102e+14/1.580183e+16 surv=1 checked=7.0431e+14 rate=1.806e+11/s elapsed=1.08h block_eta=23.22h
k=397 t=0   4.83%  idx=7.630890e+14/1.580183e+16 surv=1 checked=7.6309e+14 rate=1.817e+11/s elapsed=1.17h block_eta=22.99h
k=397 t=0   5.17%  idx=8.168276e+14/1.580183e+16 surv=1 checked=8.1683e+14 rate=1.815e+11/s elapsed=1.25h block_eta=22.93h
k=397 t=0   5.51%  idx=8.714424e+14/1.580183e+16 surv=1 checked=8.7144e+14 rate=1.815e+11/s elapsed=1.33h block_eta=22.84h
k=397 t=0   5.88%  idx=9.290755e+14/1.580183e+16 surv=1 checked=9.2908e+14 rate=1.822e+11/s elapsed=1.42h block_eta=22.68h
k=397 t=0   6.23%  idx=9.839748e+14/1.580183e+16 surv=1 checked=9.8397e+14 rate=1.822e+11/s elapsed=1.50h block_eta=22.59h
k=397 t=0   6.56%  idx=1.037384e+15/1.580183e+16 surv=1 checked=1.0374e+15 rate=1.820e+11/s elapsed=1.58h block_eta=22.53h
k=397 t=0   6.93%  idx=1.095736e+15/1.580183e+16 surv=1 checked=1.0957e+15 rate=1.826e+11/s elapsed=1.67h block_eta=22.37h
k=397 t=0   7.26%  idx=1.146947e+15/1.580183e+16 surv=1 checked=1.1469e+15 rate=1.821e+11/s elapsed=1.75h block_eta=22.36h
k=397 t=0   7.60%  idx=1.200682e+15/1.580183e+16 surv=1 checked=1.2007e+15 rate=1.819e+11/s elapsed=1.83h block_eta=22.29h
k=397 t=0   7.93%  idx=1.253131e+15/1.580183e+16 surv=1 checked=1.2531e+15 rate=1.816e+11/s elapsed=1.92h block_eta=22.25h
k=397 t=0   8.28%  idx=1.308163e+15/1.580183e+16 surv=1 checked=1.3082e+15 rate=1.817e+11/s elapsed=2.00h block_eta=22.16h
k=397 t=0   8.61%  idx=1.359834e+15/1.580183e+16 surv=1 checked=1.3598e+15 rate=1.813e+11/s elapsed=2.08h block_eta=22.13h
k=397 t=0   8.94%  idx=1.413240e+15/1.580183e+16 surv=1 checked=1.4132e+15 rate=1.812e+11/s elapsed=2.17h block_eta=22.06h
k=397 t=0   9.31%  idx=1.470945e+15/1.580183e+16 surv=1 checked=1.4709e+15 rate=1.816e+11/s elapsed=2.25h block_eta=21.92h
k=397 t=0   9.65%  idx=1.525613e+15/1.580183e+16 surv=1 checked=1.5256e+15 rate=1.816e+11/s elapsed=2.33h block_eta=21.83h
k=397 t=0  10.00%  idx=1.580174e+15/1.580183e+16 surv=1 checked=1.5802e+15 rate=1.816e+11/s elapsed=2.42h block_eta=21.75h
k=397 t=0  10.34%  idx=1.633984e+15/1.580183e+16 surv=1 checked=1.6340e+15 rate=1.816e+11/s elapsed=2.50h block_eta=21.68h
k=397 t=0  10.68%  idx=1.687084e+15/1.580183e+16 surv=1 checked=1.6871e+15 rate=1.814e+11/s elapsed=2.58h block_eta=21.61h
k=397 t=0  11.02%  idx=1.741754e+15/1.580183e+16 surv=1 checked=1.7418e+15 rate=1.814e+11/s elapsed=2.67h block_eta=21.53h
k=397 t=0  11.36%  idx=1.794862e+15/1.580183e+16 surv=1 checked=1.7949e+15 rate=1.813e+11/s elapsed=2.75h block_eta=21.46h
k=397 t=0  11.72%  idx=1.852717e+15/1.580183e+16 surv=1 checked=1.8527e+15 rate=1.816e+11/s elapsed=2.83h block_eta=21.33h
k=397 t=0  12.07%  idx=1.907201e+15/1.580183e+16 surv=1 checked=1.9072e+15 rate=1.816e+11/s elapsed=2.92h block_eta=21.25h
k=397 t=0  12.41%  idx=1.960636e+15/1.580183e+16 surv=1 checked=1.9606e+15 rate=1.815e+11/s elapsed=3.00h block_eta=21.18h
k=397 t=0  12.76%  idx=2.015552e+15/1.580183e+16 surv=1 checked=2.0156e+15 rate=1.816e+11/s elapsed=3.08h block_eta=21.09h
k=397 t=0  13.12%  idx=2.073835e+15/1.580183e+16 surv=1 checked=2.0738e+15 rate=1.819e+11/s elapsed=3.17h block_eta=20.96h
k=397 t=0  13.46%  idx=2.126193e+15/1.580183e+16 surv=1 checked=2.1262e+15 rate=1.817e+11/s elapsed=3.25h block_eta=20.90h
k=397 t=0  13.82%  idx=2.183120e+15/1.580183e+16 surv=1 checked=2.1831e+15 rate=1.819e+11/s elapsed=3.33h block_eta=20.79h
k=397 t=0  14.15%  idx=2.235978e+15/1.580183e+16 surv=1 checked=2.2360e+15 rate=1.818e+11/s elapsed=3.42h block_eta=20.73h
k=397 t=0  14.50%  idx=2.290563e+15/1.580183e+16 surv=1 checked=2.2906e+15 rate=1.818e+11/s elapsed=3.50h block_eta=20.65h
k=397 t=0  14.86%  idx=2.348336e+15/1.580183e+16 surv=1 checked=2.3483e+15 rate=1.820e+11/s elapsed=3.58h block_eta=20.53h
k=397 t=0  15.19%  idx=2.400270e+15/1.580183e+16 surv=1 checked=2.4003e+15 rate=1.818e+11/s elapsed=3.67h block_eta=20.47h
k=397 t=0  15.54%  idx=2.454835e+15/1.580183e+16 surv=1 checked=2.4548e+15 rate=1.818e+11/s elapsed=3.75h block_eta=20.39h
k=397 t=0  15.87%  idx=2.506988e+15/1.580183e+16 surv=1 checked=2.5070e+15 rate=1.817e+11/s elapsed=3.83h block_eta=20.33h
k=397 t=0  16.22%  idx=2.563827e+15/1.580183e+16 surv=1 checked=2.5638e+15 rate=1.818e+11/s elapsed=3.92h block_eta=20.22h
k=397 t=0  16.57%  idx=2.618959e+15/1.580183e+16 surv=1 checked=2.6190e+15 rate=1.819e+11/s elapsed=4.00h block_eta=20.13h
k=397 t=0  16.95%  idx=2.678508e+15/1.580183e+16 surv=1 checked=2.6785e+15 rate=1.822e+11/s elapsed=4.08h block_eta=20.01h
k=397 t=0  17.28%  idx=2.730311e+15/1.580183e+16 surv=1 checked=2.7303e+15 rate=1.820e+11/s elapsed=4.17h block_eta=19.95h
k=397 t=0  17.62%  idx=2.784758e+15/1.580183e+16 surv=1 checked=2.7848e+15 rate=1.820e+11/s elapsed=4.25h block_eta=19.87h
k=397 t=0  17.95%  idx=2.837041e+15/1.580183e+16 surv=1 checked=2.8370e+15 rate=1.819e+11/s elapsed=4.33h block_eta=19.80h
k=397 t=0  18.29%  idx=2.890436e+15/1.580183e+16 surv=1 checked=2.8904e+15 rate=1.818e+11/s elapsed=4.42h block_eta=19.73h
k=397 t=0  18.64%  idx=2.944711e+15/1.580183e+16 surv=1 checked=2.9447e+15 rate=1.818e+11/s elapsed=4.50h block_eta=19.65h
k=397 t=0  19.00%  idx=3.002361e+15/1.580183e+16 surv=1 checked=3.0024e+15 rate=1.820e+11/s elapsed=4.58h block_eta=19.54h
k=397 t=0  19.35%  idx=3.057333e+15/1.580183e+16 surv=1 checked=3.0573e+15 rate=1.820e+11/s elapsed=4.67h block_eta=19.45h
k=397 t=0  19.70%  idx=3.113455e+15/1.580183e+16 surv=1 checked=3.1135e+15 rate=1.821e+11/s elapsed=4.75h block_eta=19.36h
k=397 t=0  20.05%  idx=3.167826e+15/1.580183e+16 surv=1 checked=3.1678e+15 rate=1.821e+11/s elapsed=4.83h block_eta=19.28h
k=397 t=0  20.41%  idx=3.225178e+15/1.580183e+16 surv=1 checked=3.2252e+15 rate=1.822e+11/s elapsed=4.92h block_eta=19.17h
k=397 t=0  20.75%  idx=3.279309e+15/1.580183e+16 surv=1 checked=3.2793e+15 rate=1.822e+11/s elapsed=5.00h block_eta=19.09h
k=397 t=0  21.10%  idx=3.333496e+15/1.580183e+16 surv=1 checked=3.3335e+15 rate=1.822e+11/s elapsed=5.08h block_eta=19.01h
k=397 t=0  21.43%  idx=3.386232e+15/1.580183e+16 surv=1 checked=3.3862e+15 rate=1.821e+11/s elapsed=5.17h block_eta=18.94h
k=397 t=0  21.76%  idx=3.438555e+15/1.580183e+16 surv=1 checked=3.4386e+15 rate=1.819e+11/s elapsed=5.25h block_eta=18.88h
k=397 t=0  22.12%  idx=3.496091e+15/1.580183e+16 surv=1 checked=3.4961e+15 rate=1.821e+11/s elapsed=5.33h block_eta=18.77h
k=397 t=0  22.47%  idx=3.551084e+15/1.580183e+16 surv=1 checked=3.5511e+15 rate=1.821e+11/s elapsed=5.42h block_eta=18.69h
k=397 t=0  22.81%  idx=3.603646e+15/1.580183e+16 surv=1 checked=3.6036e+15 rate=1.820e+11/s elapsed=5.50h block_eta=18.62h
k=397 t=0  23.14%  idx=3.656982e+15/1.580183e+16 surv=1 checked=3.6570e+15 rate=1.819e+11/s elapsed=5.58h block_eta=18.54h
k=397 t=0  23.51%  idx=3.715385e+15/1.580183e+16 surv=1 checked=3.7154e+15 rate=1.821e+11/s elapsed=5.67h block_eta=18.43h
k=397 t=0  23.88%  idx=3.772771e+15/1.580183e+16 surv=1 checked=3.7728e+15 rate=1.823e+11/s elapsed=5.75h block_eta=18.33h
k=397 t=0  24.21%  idx=3.826104e+15/1.580183e+16 surv=1 checked=3.8261e+15 rate=1.822e+11/s elapsed=5.83h block_eta=18.26h
k=397 t=0  24.55%  idx=3.879467e+15/1.580183e+16 surv=1 checked=3.8795e+15 rate=1.821e+11/s elapsed=5.92h block_eta=18.18h
k=397 t=0  24.89%  idx=3.932817e+15/1.580183e+16 surv=1 checked=3.9328e+15 rate=1.821e+11/s elapsed=6.00h block_eta=18.11h
k=397 t=0  25.23%  idx=3.986335e+15/1.580183e+16 surv=1 checked=3.9863e+15 rate=1.820e+11/s elapsed=6.08h block_eta=18.03h
k=397 t=0  25.57%  idx=4.040490e+15/1.580183e+16 surv=1 checked=4.0405e+15 rate=1.820e+11/s elapsed=6.17h block_eta=17.95h
k=397 t=0  25.93%  idx=4.097120e+15/1.580183e+16 surv=1 checked=4.0971e+15 rate=1.821e+11/s elapsed=6.25h block_eta=17.86h
k=397 t=0  26.27%  idx=4.151575e+15/1.580183e+16 surv=1 checked=4.1516e+15 rate=1.821e+11/s elapsed=6.33h block_eta=17.77h
k=397 t=0  26.63%  idx=4.208772e+15/1.580183e+16 surv=1 checked=4.2088e+15 rate=1.822e+11/s elapsed=6.42h block_eta=17.67h
k=397 t=0  26.97%  idx=4.261284e+15/1.580183e+16 surv=1 checked=4.2613e+15 rate=1.821e+11/s elapsed=6.50h block_eta=17.60h
k=397 t=0  27.32%  idx=4.317112e+15/1.580183e+16 surv=1 checked=4.3171e+15 rate=1.822e+11/s elapsed=6.58h block_eta=17.51h
k=397 t=0  27.66%  idx=4.370495e+15/1.580183e+16 surv=1 checked=4.3705e+15 rate=1.821e+11/s elapsed=6.67h block_eta=17.44h
k=397 t=0  28.01%  idx=4.425362e+15/1.580183e+16 surv=1 checked=4.4254e+15 rate=1.821e+11/s elapsed=6.75h block_eta=17.35h
k=397 t=0  28.33%  idx=4.476688e+15/1.580183e+16 surv=1 checked=4.4767e+15 rate=1.820e+11/s elapsed=6.83h block_eta=17.29h
k=397 t=0  28.68%  idx=4.531220e+15/1.580183e+16 surv=1 checked=4.5312e+15 rate=1.820e+11/s elapsed=6.92h block_eta=17.20h
k=397 t=0  29.01%  idx=4.584016e+15/1.580183e+16 surv=1 checked=4.5840e+15 rate=1.819e+11/s elapsed=7.00h block_eta=17.13h
k=397 t=0  29.36%  idx=4.638750e+15/1.580183e+16 surv=1 checked=4.6388e+15 rate=1.819e+11/s elapsed=7.08h block_eta=17.05h
k=397 t=0  29.71%  idx=4.694636e+15/1.580183e+16 surv=1 checked=4.6946e+15 rate=1.820e+11/s elapsed=7.17h block_eta=16.96h
k=397 t=0  30.04%  idx=4.747630e+15/1.580183e+16 surv=1 checked=4.7476e+15 rate=1.819e+11/s elapsed=7.25h block_eta=16.88h
k=397 t=0  30.41%  idx=4.805486e+15/1.580183e+16 surv=1 checked=4.8055e+15 rate=1.820e+11/s elapsed=7.33h block_eta=16.78h
k=397 t=0  30.74%  idx=4.858091e+15/1.580183e+16 surv=1 checked=4.8581e+15 rate=1.819e+11/s elapsed=7.42h block_eta=16.71h
k=397 t=0  31.09%  idx=4.913529e+15/1.580183e+16 surv=1 checked=4.9135e+15 rate=1.820e+11/s elapsed=7.50h block_eta=16.62h
k=397 t=0  31.43%  idx=4.966851e+15/1.580183e+16 surv=1 checked=4.9669e+15 rate=1.819e+11/s elapsed=7.58h block_eta=16.54h
k=397 t=0  31.80%  idx=5.024577e+15/1.580183e+16 surv=1 checked=5.0246e+15 rate=1.820e+11/s elapsed=7.67h block_eta=16.44h
k=397 t=0  32.13%  idx=5.076988e+15/1.580183e+16 surv=1 checked=5.0770e+15 rate=1.820e+11/s elapsed=7.75h block_eta=16.37h
k=397 t=0  32.50%  idx=5.136104e+15/1.580183e+16 surv=1 checked=5.1361e+15 rate=1.821e+11/s elapsed=7.83h block_eta=16.27h
k=397 t=0  32.87%  idx=5.194527e+15/1.580183e+16 surv=1 checked=5.1945e+15 rate=1.823e+11/s elapsed=7.92h block_eta=16.17h
k=397 t=0  33.24%  idx=5.252573e+15/1.580183e+16 surv=1 checked=5.2526e+15 rate=1.824e+11/s elapsed=8.00h block_eta=16.07h
k=397 t=0  33.59%  idx=5.307060e+15/1.580183e+16 surv=1 checked=5.3071e+15 rate=1.824e+11/s elapsed=8.08h block_eta=15.99h
k=397 t=0  33.94%  idx=5.362564e+15/1.580183e+16 surv=1 checked=5.3626e+15 rate=1.824e+11/s elapsed=8.17h block_eta=15.90h
k=397 t=0  34.31%  idx=5.421983e+15/1.580183e+16 surv=1 checked=5.4220e+15 rate=1.826e+11/s elapsed=8.25h block_eta=15.79h
k=397 t=0  34.65%  idx=5.474906e+15/1.580183e+16 surv=1 checked=5.4749e+15 rate=1.825e+11/s elapsed=8.33h block_eta=15.72h
k=397 t=0  34.98%  idx=5.527360e+15/1.580183e+16 surv=1 checked=5.5274e+15 rate=1.824e+11/s elapsed=8.42h block_eta=15.65h
k=397 t=0  35.32%  idx=5.581156e+15/1.580183e+16 surv=1 checked=5.5812e+15 rate=1.824e+11/s elapsed=8.50h block_eta=15.57h
k=397 t=0  35.66%  idx=5.635132e+15/1.580183e+16 surv=1 checked=5.6351e+15 rate=1.824e+11/s elapsed=8.58h block_eta=15.49h
k=397 t=0  35.99%  idx=5.687530e+15/1.580183e+16 surv=1 checked=5.6875e+15 rate=1.823e+11/s elapsed=8.67h block_eta=15.41h
k=397 t=0  36.36%  idx=5.745451e+15/1.580183e+16 surv=1 checked=5.7455e+15 rate=1.824e+11/s elapsed=8.75h block_eta=15.32h
k=397 t=0  36.69%  idx=5.797193e+15/1.580183e+16 surv=1 checked=5.7972e+15 rate=1.823e+11/s elapsed=8.83h block_eta=15.24h
k=397 t=0  37.03%  idx=5.851744e+15/1.580183e+16 surv=1 checked=5.8517e+15 rate=1.823e+11/s elapsed=8.92h block_eta=15.16h
k=397 t=0  37.37%  idx=5.905663e+15/1.580183e+16 surv=1 checked=5.9057e+15 rate=1.823e+11/s elapsed=9.00h block_eta=15.08h
k=397 t=0  37.70%  idx=5.957252e+15/1.580183e+16 surv=1 checked=5.9573e+15 rate=1.822e+11/s elapsed=9.08h block_eta=15.01h
k=397 t=0  38.05%  idx=6.012333e+15/1.580183e+16 surv=1 checked=6.0123e+15 rate=1.822e+11/s elapsed=9.17h block_eta=14.93h
k=397 t=0  38.39%  idx=6.066606e+15/1.580183e+16 surv=1 checked=6.0666e+15 rate=1.822e+11/s elapsed=9.25h block_eta=14.84h
k=397 t=0  38.73%  idx=6.119557e+15/1.580183e+16 surv=1 checked=6.1196e+15 rate=1.821e+11/s elapsed=9.33h block_eta=14.77h
k=397 t=0  39.08%  idx=6.176055e+15/1.580183e+16 surv=1 checked=6.1761e+15 rate=1.822e+11/s elapsed=9.42h block_eta=14.68h
k=397 t=0  39.43%  idx=6.231378e+15/1.580183e+16 surv=1 checked=6.2314e+15 rate=1.822e+11/s elapsed=9.50h block_eta=14.59h
k=397 t=0  39.78%  idx=6.286011e+15/1.580183e+16 surv=1 checked=6.2860e+15 rate=1.822e+11/s elapsed=9.58h block_eta=14.51h
k=397 t=0  40.11%  idx=6.338725e+15/1.580183e+16 surv=1 checked=6.3387e+15 rate=1.821e+11/s elapsed=9.67h block_eta=14.43h
k=397 t=0  40.48%  idx=6.396291e+15/1.580183e+16 surv=1 checked=6.3963e+15 rate=1.822e+11/s elapsed=9.75h block_eta=14.34h
k=397 t=0  40.87%  idx=6.457951e+15/1.580183e+16 surv=1 checked=6.4580e+15 rate=1.824e+11/s elapsed=9.83h block_eta=14.23h
k=397 t=0  41.20%  idx=6.510993e+15/1.580183e+16 surv=1 checked=6.5110e+15 rate=1.824e+11/s elapsed=9.92h block_eta=14.15h
k=397 t=0  41.56%  idx=6.566701e+15/1.580183e+16 surv=1 checked=6.5667e+15 rate=1.824e+11/s elapsed=10.00h block_eta=14.06h
k=397 t=0  41.92%  idx=6.623928e+15/1.580183e+16 surv=1 checked=6.6239e+15 rate=1.825e+11/s elapsed=10.08h block_eta=13.97h
k=397 t=0  42.25%  idx=6.676377e+15/1.580183e+16 surv=1 checked=6.6764e+15 rate=1.824e+11/s elapsed=10.17h block_eta=13.90h
k=397 t=0  42.59%  idx=6.729519e+15/1.580183e+16 surv=1 checked=6.7295e+15 rate=1.824e+11/s elapsed=10.25h block_eta=13.82h
k=397 t=0  42.98%  idx=6.791085e+15/1.580183e+16 surv=1 checked=6.7911e+15 rate=1.826e+11/s elapsed=10.33h block_eta=13.71h
k=397 t=0  43.30%  idx=6.842922e+15/1.580183e+16 surv=1 checked=6.8429e+15 rate=1.825e+11/s elapsed=10.42h block_eta=13.64h
k=397 t=0  43.66%  idx=6.899748e+15/1.580183e+16 surv=1 checked=6.8997e+15 rate=1.825e+11/s elapsed=10.50h block_eta=13.55h
k=397 t=0  44.02%  idx=6.955787e+15/1.580183e+16 surv=1 checked=6.9558e+15 rate=1.826e+11/s elapsed=10.58h block_eta=13.46h
k=397 t=0  44.37%  idx=7.010782e+15/1.580183e+16 surv=1 checked=7.0108e+15 rate=1.826e+11/s elapsed=10.67h block_eta=13.38h
k=397 t=0  44.71%  idx=7.065522e+15/1.580183e+16 surv=1 checked=7.0655e+15 rate=1.826e+11/s elapsed=10.75h block_eta=13.29h
k=397 t=0  45.07%  idx=7.121890e+15/1.580183e+16 surv=1 checked=7.1219e+15 rate=1.826e+11/s elapsed=10.83h block_eta=13.20h
k=397 t=0  45.43%  idx=7.179434e+15/1.580183e+16 surv=1 checked=7.1794e+15 rate=1.827e+11/s elapsed=10.92h block_eta=13.11h
k=397 t=0  45.78%  idx=7.233693e+15/1.580183e+16 surv=1 checked=7.2337e+15 rate=1.827e+11/s elapsed=11.00h block_eta=13.03h
k=397 t=0  46.12%  idx=7.288217e+15/1.580183e+16 surv=1 checked=7.2882e+15 rate=1.827e+11/s elapsed=11.08h block_eta=12.95h
k=397 t=0  46.48%  idx=7.344767e+15/1.580183e+16 surv=1 checked=7.3448e+15 rate=1.827e+11/s elapsed=11.17h block_eta=12.86h
k=397 t=0  46.84%  idx=7.401970e+15/1.580183e+16 surv=1 checked=7.4020e+15 rate=1.828e+11/s elapsed=11.25h block_eta=12.77h
k=397 t=0  47.18%  idx=7.456077e+15/1.580183e+16 surv=1 checked=7.4561e+15 rate=1.827e+11/s elapsed=11.33h block_eta=12.69h
k=397 t=0  47.54%  idx=7.511788e+15/1.580183e+16 surv=1 checked=7.5118e+15 rate=1.828e+11/s elapsed=11.42h block_eta=12.60h
k=397 t=0  47.89%  idx=7.566763e+15/1.580183e+16 surv=1 checked=7.5668e+15 rate=1.828e+11/s elapsed=11.50h block_eta=12.52h
k=397 t=0  48.23%  idx=7.621386e+15/1.580183e+16 surv=1 checked=7.6214e+15 rate=1.828e+11/s elapsed=11.58h block_eta=12.43h
k=397 t=0  48.58%  idx=7.675935e+15/1.580183e+16 surv=1 checked=7.6759e+15 rate=1.828e+11/s elapsed=11.67h block_eta=12.35h
k=397 t=0  48.93%  idx=7.731564e+15/1.580183e+16 surv=1 checked=7.7316e+15 rate=1.828e+11/s elapsed=11.75h block_eta=12.26h
k=397 t=0  49.28%  idx=7.787045e+15/1.580183e+16 surv=1 checked=7.7870e+15 rate=1.828e+11/s elapsed=11.83h block_eta=12.18h
k=397 t=0  49.66%  idx=7.847548e+15/1.580183e+16 surv=1 checked=7.8475e+15 rate=1.829e+11/s elapsed=11.92h block_eta=12.08h
{"k": 397, "status": "TIMEOUT", "block": 0, "idx_done": 7905002021972600, "block_audit": [], "surv_hash_recipe": "sha256 of the UTF-8 bytes of '\\n'.join(decimal(n) for n in sorted(survivors)), no trailing newline; the empty list hashes to sha256(b'')", "unit_done": 316200080878904, "units_total": 632073093120000, "R": 15801827328000000, "residues_checked": 7905002021972600, "wall": 43199.25105190277, "wall_leg": 43199.25127577782, "restarts": 0, "checkpoint": "overnight/2026-09-07/checkpoints/k397_primary.json", "plan": {"k": 397, "wheel": [[211, 1], [3, 6], [139, 1], [83, 1], [2, 9], [59, 1], [103, 1], [137, 1], [37, 1], [29, 1], [101, 1], [13, 1], [31, 1], [67, 1], [5, 2], [7, 1], [19, 1], [199, 1]], "wheel_primes": [211, 3, 139, 83, 2, 59, 103, 137, 37, 29, 101, 13, 31, 67, 5, 7, 19, 199], "split_primes": [[211, 1, 2], [139, 1, 2], [83, 1, 2], [59, 1, 2], [103, 1, 2], [137, 1, 2], [37, 1, 2], [29, 1, 2], [101, 1, 2], [13, 1, 3], [31, 1, 2], [67, 1, 2], [5, 2, 4], [7, 1, 4], [19, 1, 3], [199, 1, 2]], "N_bits": 111, "M_bits": 111, "M": "1464631301166239631962950704345600", "N": "1464631301166239631962950704345600", "n_filters": 76, "residues_per_block": 15801827328000000, "density_wheel": 1.0788945528760382e-17, "density_rest": 3.666929417520566e-17, "expected_g": 2.527658796207059e+33, "E_g": 2.527658796207059e+33, "expected_blocks": 1.725798700460904, "N_over_E": 0.5794418547962361, "expected_residue_checks": 2.727077306757e+16, "expected_checks_true": 3.59304708226205e+16}, "engine_module": "gpu_sieve_v9", "engine_file": "sieve/gpu_sieve_v9.py", "engine_commit": "df0365a", "tag": "primary"}
# RESUME k=397 engine=gpu_sieve_v9 block t=0 residues_done=7905002021972600/15801827328000000 (50.03%) survivors=1 restarts=1
k=397 t=0  50.37%  idx=7.960026e+15/1.580183e+16 surv=1 checked=7.9600e+15 rate=1.834e+11/s elapsed=0.08h block_eta=11.88h
k=397 t=0  50.73%  idx=8.015599e+15/1.580183e+16 surv=1 checked=8.0156e+15 rate=1.843e+11/s elapsed=0.17h block_eta=11.73h
k=397 t=0  51.07%  idx=8.070763e+15/1.580183e+16 surv=1 checked=8.0708e+15 rate=1.842e+11/s elapsed=0.25h block_eta=11.66h
k=397 t=0  51.42%  idx=8.125015e+15/1.580183e+16 surv=1 checked=8.1250e+15 rate=1.833e+11/s elapsed=0.33h block_eta=11.63h
k=397 t=0  51.77%  idx=8.180776e+15/1.580183e+16 surv=1 checked=8.1808e+15 rate=1.838e+11/s elapsed=0.42h block_eta=11.51h
k=397 t=0  52.14%  idx=8.238715e+15/1.580183e+16 surv=1 checked=8.2387e+15 rate=1.854e+11/s elapsed=0.50h block_eta=11.33h
k=397 t=0  52.48%  idx=8.292527e+15/1.580183e+16 surv=1 checked=8.2925e+15 rate=1.845e+11/s elapsed=0.58h block_eta=11.30h
k=397 t=0  52.84%  idx=8.350147e+15/1.580183e+16 surv=1 checked=8.3501e+15 rate=1.855e+11/s elapsed=0.67h block_eta=11.16h
k=397 t=0  53.20%  idx=8.406454e+15/1.580183e+16 surv=1 checked=8.4065e+15 rate=1.857e+11/s elapsed=0.75h block_eta=11.06h
k=397 t=0  53.55%  idx=8.461409e+15/1.580183e+16 surv=1 checked=8.4614e+15 rate=1.855e+11/s elapsed=0.83h block_eta=10.99h
k=397 t=0  53.91%  idx=8.518292e+15/1.580183e+16 surv=1 checked=8.5183e+15 rate=1.858e+11/s elapsed=0.92h block_eta=10.89h
k=397 t=0  54.25%  idx=8.571875e+15/1.580183e+16 surv=1 checked=8.5719e+15 rate=1.852e+11/s elapsed=1.00h block_eta=10.84h
k=397 t=0  54.61%  idx=8.629794e+15/1.580183e+16 surv=1 checked=8.6298e+15 rate=1.858e+11/s elapsed=1.08h block_eta=10.72h
k=397 t=0  54.99%  idx=8.689365e+15/1.580183e+16 surv=1 checked=8.6894e+15 rate=1.868e+11/s elapsed=1.17h block_eta=10.58h
k=397 t=0  55.34%  idx=8.745048e+15/1.580183e+16 surv=1 checked=8.7450e+15 rate=1.867e+11/s elapsed=1.25h block_eta=10.50h
k=397 t=0  55.69%  idx=8.800729e+15/1.580183e+16 surv=1 checked=8.8007e+15 rate=1.866e+11/s elapsed=1.33h block_eta=10.42h
k=397 t=0  56.04%  idx=8.855273e+15/1.580183e+16 surv=1 checked=8.8553e+15 rate=1.863e+11/s elapsed=1.42h block_eta=10.36h
k=397 t=0  56.40%  idx=8.911894e+15/1.580183e+16 surv=1 checked=8.9119e+15 rate=1.865e+11/s elapsed=1.50h block_eta=10.26h
k=397 t=0  56.75%  idx=8.967445e+15/1.580183e+16 surv=1 checked=8.9674e+15 rate=1.864e+11/s elapsed=1.58h block_eta=10.19h
k=397 t=0  57.13%  idx=9.027365e+15/1.580183e+16 surv=1 checked=9.0274e+15 rate=1.871e+11/s elapsed=1.67h block_eta=10.06h
k=397 t=0  57.48%  idx=9.083320e+15/1.580183e+16 surv=1 checked=9.0833e+15 rate=1.870e+11/s elapsed=1.75h block_eta=9.98h
k=397 t=0  57.86%  idx=9.142647e+15/1.580183e+16 surv=1 checked=9.1426e+15 rate=1.875e+11/s elapsed=1.83h block_eta=9.86h
k=397 t=0  58.21%  idx=9.198632e+15/1.580183e+16 surv=1 checked=9.1986e+15 rate=1.875e+11/s elapsed=1.92h block_eta=9.78h
k=397 t=0  58.59%  idx=9.258024e+15/1.580183e+16 surv=1 checked=9.2580e+15 rate=1.879e+11/s elapsed=2.00h block_eta=9.67h
k=397 t=0  58.96%  idx=9.316071e+15/1.580183e+16 surv=1 checked=9.3161e+15 rate=1.881e+11/s elapsed=2.08h block_eta=9.58h
k=397 t=0  59.32%  idx=9.373940e+15/1.580183e+16 surv=1 checked=9.3739e+15 rate=1.883e+11/s elapsed=2.17h block_eta=9.48h
k=397 t=0  59.67%  idx=9.428292e+15/1.580183e+16 surv=1 checked=9.4283e+15 rate=1.881e+11/s elapsed=2.25h block_eta=9.41h
k=397 t=0  60.02%  idx=9.484899e+15/1.580183e+16 surv=1 checked=9.4849e+15 rate=1.881e+11/s elapsed=2.33h block_eta=9.33h
k=397 t=0  60.37%  idx=9.539196e+15/1.580183e+16 surv=1 checked=9.5392e+15 rate=1.878e+11/s elapsed=2.42h block_eta=9.26h
k=397 t=0  60.72%  idx=9.594831e+15/1.580183e+16 surv=1 checked=9.5948e+15 rate=1.878e+11/s elapsed=2.50h block_eta=9.18h
k=397 t=0  61.09%  idx=9.653747e+15/1.580183e+16 surv=1 checked=9.6537e+15 rate=1.880e+11/s elapsed=2.58h block_eta=9.08h
k=397 t=0  61.43%  idx=9.706645e+15/1.580183e+16 surv=1 checked=9.7066e+15 rate=1.877e+11/s elapsed=2.67h block_eta=9.02h
k=397 t=0  61.80%  idx=9.766230e+15/1.580183e+16 surv=1 checked=9.7662e+15 rate=1.880e+11/s elapsed=2.75h block_eta=8.92h
k=397 t=0  62.17%  idx=9.824167e+15/1.580183e+16 surv=1 checked=9.8242e+15 rate=1.882e+11/s elapsed=2.83h block_eta=8.83h
k=397 t=0  62.53%  idx=9.881084e+15/1.580183e+16 surv=1 checked=9.8811e+15 rate=1.882e+11/s elapsed=2.92h block_eta=8.74h
k=397 t=0  62.88%  idx=9.936824e+15/1.580183e+16 surv=1 checked=9.9368e+15 rate=1.881e+11/s elapsed=3.00h block_eta=8.66h
k=397 t=0  63.23%  idx=9.991376e+15/1.580183e+16 surv=1 checked=9.9914e+15 rate=1.880e+11/s elapsed=3.08h block_eta=8.59h
k=397 t=0  63.57%  idx=1.004536e+16/1.580183e+16 surv=1 checked=1.0045e+16 rate=1.877e+11/s elapsed=3.17h block_eta=8.52h
k=397 t=0  63.92%  idx=1.010077e+16/1.580183e+16 surv=1 checked=1.0101e+16 rate=1.877e+11/s elapsed=3.25h block_eta=8.44h
k=397 t=0  64.27%  idx=1.015590e+16/1.580183e+16 surv=1 checked=1.0156e+16 rate=1.876e+11/s elapsed=3.33h block_eta=8.36h
k=397 t=0  64.63%  idx=1.021197e+16/1.580183e+16 surv=1 checked=1.0212e+16 rate=1.876e+11/s elapsed=3.42h block_eta=8.28h
k=397 t=0  64.99%  idx=1.026957e+16/1.580183e+16 surv=1 checked=1.0270e+16 rate=1.877e+11/s elapsed=3.50h block_eta=8.19h
k=397 t=0  65.35%  idx=1.032652e+16/1.580183e+16 surv=1 checked=1.0327e+16 rate=1.877e+11/s elapsed=3.58h block_eta=8.10h
k=397 t=0  65.68%  idx=1.037841e+16/1.580183e+16 surv=1 checked=1.0378e+16 rate=1.874e+11/s elapsed=3.67h block_eta=8.04h
k=397 t=0  66.05%  idx=1.043663e+16/1.580183e+16 surv=1 checked=1.0437e+16 rate=1.875e+11/s elapsed=3.75h block_eta=7.95h
k=397 t=0  66.38%  idx=1.048891e+16/1.580183e+16 surv=1 checked=1.0489e+16 rate=1.872e+11/s elapsed=3.83h block_eta=7.88h
k=397 t=0  66.76%  idx=1.054858e+16/1.580183e+16 surv=1 checked=1.0549e+16 rate=1.875e+11/s elapsed=3.92h block_eta=7.78h
k=397 t=0  67.10%  idx=1.060316e+16/1.580183e+16 surv=1 checked=1.0603e+16 rate=1.874e+11/s elapsed=4.00h block_eta=7.71h
k=397 t=0  67.45%  idx=1.065897e+16/1.580183e+16 surv=1 checked=1.0659e+16 rate=1.873e+11/s elapsed=4.08h block_eta=7.63h
k=397 t=0  67.82%  idx=1.071612e+16/1.580183e+16 surv=1 checked=1.0716e+16 rate=1.874e+11/s elapsed=4.17h block_eta=7.54h
k=397 t=0  68.19%  idx=1.077484e+16/1.580183e+16 surv=1 checked=1.0775e+16 rate=1.876e+11/s elapsed=4.25h block_eta=7.44h
k=397 t=0  68.54%  idx=1.083009e+16/1.580183e+16 surv=1 checked=1.0830e+16 rate=1.875e+11/s elapsed=4.33h block_eta=7.37h
k=397 t=0  68.91%  idx=1.088855e+16/1.580183e+16 surv=1 checked=1.0889e+16 rate=1.876e+11/s elapsed=4.42h block_eta=7.27h
k=397 t=0  69.27%  idx=1.094668e+16/1.580183e+16 surv=1 checked=1.0947e+16 rate=1.878e+11/s elapsed=4.50h block_eta=7.18h
k=397 t=0  69.63%  idx=1.100288e+16/1.580183e+16 surv=1 checked=1.1003e+16 rate=1.877e+11/s elapsed=4.58h block_eta=7.10h
k=397 t=0  69.99%  idx=1.105940e+16/1.580183e+16 surv=1 checked=1.1059e+16 rate=1.878e+11/s elapsed=4.67h block_eta=7.02h
k=397 t=0  70.34%  idx=1.111451e+16/1.580183e+16 surv=1 checked=1.1115e+16 rate=1.877e+11/s elapsed=4.75h block_eta=6.94h
k=397 t=0  70.70%  idx=1.117140e+16/1.580183e+16 surv=1 checked=1.1171e+16 rate=1.877e+11/s elapsed=4.83h block_eta=6.85h
k=397 t=0  71.06%  idx=1.122813e+16/1.580183e+16 surv=1 checked=1.1228e+16 rate=1.877e+11/s elapsed=4.92h block_eta=6.77h
k=397 t=0  71.43%  idx=1.128798e+16/1.580183e+16 surv=1 checked=1.1288e+16 rate=1.879e+11/s elapsed=5.00h block_eta=6.67h
k=397 t=0  71.79%  idx=1.134445e+16/1.580183e+16 surv=1 checked=1.1344e+16 rate=1.879e+11/s elapsed=5.08h block_eta=6.59h
k=397 t=0  72.15%  idx=1.140048e+16/1.580183e+16 surv=1 checked=1.1400e+16 rate=1.879e+11/s elapsed=5.17h block_eta=6.51h
k=397 t=0  72.49%  idx=1.145486e+16/1.580183e+16 surv=1 checked=1.1455e+16 rate=1.878e+11/s elapsed=5.25h block_eta=6.43h
k=397 t=0  72.84%  idx=1.150934e+16/1.580183e+16 surv=1 checked=1.1509e+16 rate=1.877e+11/s elapsed=5.33h block_eta=6.35h
k=397 t=0  73.19%  idx=1.156585e+16/1.580183e+16 surv=1 checked=1.1566e+16 rate=1.877e+11/s elapsed=5.42h block_eta=6.27h
k=397 t=0  73.57%  idx=1.162506e+16/1.580183e+16 surv=1 checked=1.1625e+16 rate=1.879e+11/s elapsed=5.50h block_eta=6.18h
k=397 t=0  73.92%  idx=1.168099e+16/1.580183e+16 surv=1 checked=1.1681e+16 rate=1.879e+11/s elapsed=5.58h block_eta=6.09h
k=397 t=0  74.29%  idx=1.173941e+16/1.580183e+16 surv=1 checked=1.1739e+16 rate=1.880e+11/s elapsed=5.67h block_eta=6.00h
k=397 t=0  74.67%  idx=1.179851e+16/1.580183e+16 surv=1 checked=1.1799e+16 rate=1.881e+11/s elapsed=5.75h block_eta=5.91h
k=397 t=0  75.01%  idx=1.185277e+16/1.580183e+16 surv=1 checked=1.1853e+16 rate=1.880e+11/s elapsed=5.83h block_eta=5.84h
k=397 t=0  75.37%  idx=1.190946e+16/1.580183e+16 surv=1 checked=1.1909e+16 rate=1.880e+11/s elapsed=5.92h block_eta=5.75h
k=397 t=0  75.74%  idx=1.196760e+16/1.580183e+16 surv=1 checked=1.1968e+16 rate=1.881e+11/s elapsed=6.00h block_eta=5.66h
k=397 t=0  76.09%  idx=1.202419e+16/1.580183e+16 surv=1 checked=1.2024e+16 rate=1.881e+11/s elapsed=6.08h block_eta=5.58h
k=397 t=0  76.45%  idx=1.208030e+16/1.580183e+16 surv=1 checked=1.2080e+16 rate=1.881e+11/s elapsed=6.17h block_eta=5.50h
k=397 t=0  76.80%  idx=1.213536e+16/1.580183e+16 surv=1 checked=1.2135e+16 rate=1.880e+11/s elapsed=6.25h block_eta=5.42h
k=397 t=0  77.14%  idx=1.218996e+16/1.580183e+16 surv=1 checked=1.2190e+16 rate=1.879e+11/s elapsed=6.33h block_eta=5.34h
k=397 t=0  77.49%  idx=1.224492e+16/1.580183e+16 surv=1 checked=1.2245e+16 rate=1.879e+11/s elapsed=6.42h block_eta=5.26h
k=397 t=0  77.84%  idx=1.230061e+16/1.580183e+16 surv=1 checked=1.2301e+16 rate=1.878e+11/s elapsed=6.50h block_eta=5.18h
k=397 t=0  78.18%  idx=1.235360e+16/1.580183e+16 surv=1 checked=1.2354e+16 rate=1.877e+11/s elapsed=6.58h block_eta=5.10h
k=397 t=0  78.53%  idx=1.240921e+16/1.580183e+16 surv=1 checked=1.2409e+16 rate=1.877e+11/s elapsed=6.67h block_eta=5.02h
k=397 t=0  78.90%  idx=1.246824e+16/1.580183e+16 surv=1 checked=1.2468e+16 rate=1.878e+11/s elapsed=6.75h block_eta=4.93h
k=397 t=0  79.25%  idx=1.252353e+16/1.580183e+16 surv=1 checked=1.2524e+16 rate=1.877e+11/s elapsed=6.83h block_eta=4.85h
k=397 t=0  79.61%  idx=1.257973e+16/1.580183e+16 surv=1 checked=1.2580e+16 rate=1.877e+11/s elapsed=6.92h block_eta=4.77h
k=397 t=0  79.98%  idx=1.263789e+16/1.580183e+16 surv=1 checked=1.2638e+16 rate=1.878e+11/s elapsed=7.00h block_eta=4.68h
k=397 t=0  80.34%  idx=1.269502e+16/1.580183e+16 surv=1 checked=1.2695e+16 rate=1.878e+11/s elapsed=7.08h block_eta=4.59h
k=397 t=0  80.68%  idx=1.274856e+16/1.580183e+16 surv=1 checked=1.2749e+16 rate=1.877e+11/s elapsed=7.17h block_eta=4.52h
k=397 t=0  81.05%  idx=1.280756e+16/1.580183e+16 surv=1 checked=1.2808e+16 rate=1.878e+11/s elapsed=7.25h block_eta=4.43h
k=397 t=0  81.39%  idx=1.286185e+16/1.580183e+16 surv=1 checked=1.2862e+16 rate=1.878e+11/s elapsed=7.33h block_eta=4.35h
k=397 t=0  81.75%  idx=1.291846e+16/1.580183e+16 surv=1 checked=1.2918e+16 rate=1.878e+11/s elapsed=7.42h block_eta=4.27h
k=397 t=0  82.10%  idx=1.297302e+16/1.580183e+16 surv=1 checked=1.2973e+16 rate=1.877e+11/s elapsed=7.50h block_eta=4.19h
k=397 t=0  82.48%  idx=1.303288e+16/1.580183e+16 surv=1 checked=1.3033e+16 rate=1.878e+11/s elapsed=7.58h block_eta=4.09h
k=397 t=0  82.85%  idx=1.309152e+16/1.580183e+16 surv=1 checked=1.3092e+16 rate=1.879e+11/s elapsed=7.67h block_eta=4.01h
k=397 t=0  83.20%  idx=1.314666e+16/1.580183e+16 surv=1 checked=1.3147e+16 rate=1.879e+11/s elapsed=7.75h block_eta=3.93h
k=397 t=0  83.55%  idx=1.320295e+16/1.580183e+16 surv=1 checked=1.3203e+16 rate=1.879e+11/s elapsed=7.83h block_eta=3.84h
k=397 t=0  83.90%  idx=1.325746e+16/1.580183e+16 surv=1 checked=1.3257e+16 rate=1.878e+11/s elapsed=7.92h block_eta=3.76h
k=397 t=0  84.25%  idx=1.331254e+16/1.580183e+16 surv=1 checked=1.3313e+16 rate=1.878e+11/s elapsed=8.00h block_eta=3.68h
k=397 t=0  84.61%  idx=1.336973e+16/1.580183e+16 surv=1 checked=1.3370e+16 rate=1.878e+11/s elapsed=8.08h block_eta=3.60h
k=397 t=0  84.95%  idx=1.342404e+16/1.580183e+16 surv=1 checked=1.3424e+16 rate=1.877e+11/s elapsed=8.17h block_eta=3.52h
k=397 t=0  85.31%  idx=1.348085e+16/1.580183e+16 surv=1 checked=1.3481e+16 rate=1.877e+11/s elapsed=8.25h block_eta=3.43h
k=397 t=0  85.65%  idx=1.353482e+16/1.580183e+16 surv=1 checked=1.3535e+16 rate=1.877e+11/s elapsed=8.33h block_eta=3.36h
k=397 t=0  85.95%  idx=1.358212e+16/1.580183e+16 surv=1 checked=1.3582e+16 rate=1.874e+11/s elapsed=8.42h block_eta=3.29h
k=397 t=0  86.25%  idx=1.362918e+16/1.580183e+16 surv=1 checked=1.3629e+16 rate=1.871e+11/s elapsed=8.50h block_eta=3.23h
k=397 t=0  86.56%  idx=1.367829e+16/1.580183e+16 surv=1 checked=1.3678e+16 rate=1.868e+11/s elapsed=8.58h block_eta=3.16h
k=397 t=0  86.86%  idx=1.372546e+16/1.580183e+16 surv=1 checked=1.3725e+16 rate=1.866e+11/s elapsed=8.67h block_eta=3.09h
k=397 t=0  87.20%  idx=1.377952e+16/1.580183e+16 surv=1 checked=1.3780e+16 rate=1.865e+11/s elapsed=8.75h block_eta=3.01h
k=397 t=0  87.58%  idx=1.383952e+16/1.580183e+16 surv=1 checked=1.3840e+16 rate=1.866e+11/s elapsed=8.83h block_eta=2.92h
k=397 t=0  87.93%  idx=1.389379e+16/1.580183e+16 surv=1 checked=1.3894e+16 rate=1.866e+11/s elapsed=8.92h block_eta=2.84h
k=397 t=0  88.31%  idx=1.395454e+16/1.580183e+16 surv=1 checked=1.3955e+16 rate=1.867e+11/s elapsed=9.00h block_eta=2.75h
k=397 t=0  88.67%  idx=1.401185e+16/1.580183e+16 surv=1 checked=1.4012e+16 rate=1.868e+11/s elapsed=9.08h block_eta=2.66h
k=397 t=0  89.03%  idx=1.406821e+16/1.580183e+16 surv=1 checked=1.4068e+16 rate=1.868e+11/s elapsed=9.17h block_eta=2.58h
k=397 t=0  89.38%  idx=1.412406e+16/1.580183e+16 surv=1 checked=1.4124e+16 rate=1.868e+11/s elapsed=9.25h block_eta=2.50h
k=397 t=0  89.74%  idx=1.418079e+16/1.580183e+16 surv=1 checked=1.4181e+16 rate=1.868e+11/s elapsed=9.33h block_eta=2.41h
k=397 t=0  90.09%  idx=1.423603e+16/1.580183e+16 surv=1 checked=1.4236e+16 rate=1.868e+11/s elapsed=9.42h block_eta=2.33h
k=397 t=0  90.43%  idx=1.429004e+16/1.580183e+16 surv=1 checked=1.4290e+16 rate=1.867e+11/s elapsed=9.50h block_eta=2.25h
k=397 t=0  90.81%  idx=1.434912e+16/1.580183e+16 surv=1 checked=1.4349e+16 rate=1.868e+11/s elapsed=9.58h block_eta=2.16h
k=397 t=0  91.15%  idx=1.440342e+16/1.580183e+16 surv=1 checked=1.4403e+16 rate=1.867e+11/s elapsed=9.67h block_eta=2.08h
k=397 t=0  91.50%  idx=1.445904e+16/1.580183e+16 surv=1 checked=1.4459e+16 rate=1.867e+11/s elapsed=9.75h block_eta=2.00h
k=397 t=0  91.86%  idx=1.451572e+16/1.580183e+16 surv=1 checked=1.4516e+16 rate=1.867e+11/s elapsed=9.83h block_eta=1.91h
k=397 t=0  92.20%  idx=1.456970e+16/1.580183e+16 surv=1 checked=1.4570e+16 rate=1.867e+11/s elapsed=9.92h block_eta=1.83h
k=397 t=0  92.59%  idx=1.463137e+16/1.580183e+16 surv=1 checked=1.4631e+16 rate=1.868e+11/s elapsed=10.00h block_eta=1.74h
k=397 t=0  92.94%  idx=1.468596e+16/1.580183e+16 surv=1 checked=1.4686e+16 rate=1.868e+11/s elapsed=10.08h block_eta=1.66h
k=397 t=0  93.29%  idx=1.474131e+16/1.580183e+16 surv=1 checked=1.4741e+16 rate=1.868e+11/s elapsed=10.17h block_eta=1.58h
k=397 t=0  93.67%  idx=1.480102e+16/1.580183e+16 surv=1 checked=1.4801e+16 rate=1.869e+11/s elapsed=10.25h block_eta=1.49h
k=397 t=0  94.05%  idx=1.486115e+16/1.580183e+16 surv=1 checked=1.4861e+16 rate=1.870e+11/s elapsed=10.33h block_eta=1.40h
k=397 t=0  94.40%  idx=1.491669e+16/1.580183e+16 surv=1 checked=1.4917e+16 rate=1.870e+11/s elapsed=10.42h block_eta=1.31h
k=397 t=0  94.77%  idx=1.497461e+16/1.580183e+16 surv=1 checked=1.4975e+16 rate=1.870e+11/s elapsed=10.50h block_eta=1.23h
k=397 t=0  95.11%  idx=1.502875e+16/1.580183e+16 surv=1 checked=1.5029e+16 rate=1.870e+11/s elapsed=10.58h block_eta=1.15h
k=397 t=0  95.45%  idx=1.508249e+16/1.580183e+16 surv=1 checked=1.5082e+16 rate=1.869e+11/s elapsed=10.67h block_eta=1.07h
k=397 t=0  95.80%  idx=1.513786e+16/1.580183e+16 surv=1 checked=1.5138e+16 rate=1.869e+11/s elapsed=10.75h block_eta=0.99h
k=397 t=0  96.15%  idx=1.519288e+16/1.580183e+16 surv=1 checked=1.5193e+16 rate=1.869e+11/s elapsed=10.83h block_eta=0.91h
k=397 t=0  96.50%  idx=1.524823e+16/1.580183e+16 surv=1 checked=1.5248e+16 rate=1.868e+11/s elapsed=10.92h block_eta=0.82h
k=397 t=0  96.85%  idx=1.530457e+16/1.580183e+16 surv=1 checked=1.5305e+16 rate=1.869e+11/s elapsed=11.00h block_eta=0.74h
k=397 t=0  97.22%  idx=1.536260e+16/1.580183e+16 surv=1 checked=1.5363e+16 rate=1.869e+11/s elapsed=11.08h block_eta=0.65h
k=397 t=0  97.57%  idx=1.541744e+16/1.580183e+16 surv=1 checked=1.5417e+16 rate=1.869e+11/s elapsed=11.17h block_eta=0.57h
k=397 t=0  97.93%  idx=1.547463e+16/1.580183e+16 surv=1 checked=1.5475e+16 rate=1.869e+11/s elapsed=11.25h block_eta=0.49h
k=397 t=0  98.30%  idx=1.553303e+16/1.580183e+16 surv=1 checked=1.5533e+16 rate=1.870e+11/s elapsed=11.33h block_eta=0.40h
k=397 t=0  98.66%  idx=1.558990e+16/1.580183e+16 surv=1 checked=1.5590e+16 rate=1.870e+11/s elapsed=11.42h block_eta=0.31h
k=397 t=0  99.04%  idx=1.564943e+16/1.580183e+16 surv=1 checked=1.5649e+16 rate=1.871e+11/s elapsed=11.50h block_eta=0.23h
k=397 t=0  99.38%  idx=1.570367e+16/1.580183e+16 surv=1 checked=1.5704e+16 rate=1.870e+11/s elapsed=11.58h block_eta=0.15h
k=397 t=0  99.74%  idx=1.576098e+16/1.580183e+16 surv=1 checked=1.5761e+16 rate=1.870e+11/s elapsed=11.67h block_eta=0.06h
k=397 block t=0 complete: no survivor passed the referee; advancing
k=397 t=1   0.09%  idx=1.462222e+13/1.580183e+16 surv=0 checked=1.5816e+16 rate=1.870e+11/s elapsed=11.75h block_eta=23.45h
k=397 t=1   0.44%  idx=6.995857e+13/1.580183e+16 surv=0 checked=1.5872e+16 rate=1.870e+11/s elapsed=11.83h block_eta=23.37h
k=397 t=1   0.82%  idx=1.292270e+14/1.580183e+16 surv=0 checked=1.5931e+16 rate=1.871e+11/s elapsed=11.92h block_eta=23.27h
{"k": 397, "status": "TIMEOUT", "block": 1, "idx_done": 184867199447800, "block_audit": [{"t": 0, "residues_enumerated": 15801827328000000, "kernel_survivors": 1, "after_n_gt_k_plus_1": 0, "passed_ref_is_good": 0, "survivors_n": ["397"], "sha256_survivors": "1d2028ddcd746a7ee87dd0739d7435602b77d4908f96e27ebdad57b09aa27b69"}], "surv_hash_recipe": "sha256 of the UTF-8 bytes of '\\n'.join(decimal(n) for n in sorted(survivors)), no trailing newline; the empty list hashes to sha256(b'')", "unit_done": 7394687977912, "units_total": 632073093120000, "R": 15801827328000000, "residues_checked": 15986694527447800, "wall": 86398.82404088974, "wall_leg": 43199.57321548462, "restarts": 1, "checkpoint": "overnight/2026-09-07/checkpoints/k397_primary.json", "plan": {"k": 397, "wheel": [[211, 1], [3, 6], [139, 1], [83, 1], [2, 9], [59, 1], [103, 1], [137, 1], [37, 1], [29, 1], [101, 1], [13, 1], [31, 1], [67, 1], [5, 2], [7, 1], [19, 1], [199, 1]], "wheel_primes": [211, 3, 139, 83, 2, 59, 103, 137, 37, 29, 101, 13, 31, 67, 5, 7, 19, 199], "split_primes": [[211, 1, 2], [139, 1, 2], [83, 1, 2], [59, 1, 2], [103, 1, 2], [137, 1, 2], [37, 1, 2], [29, 1, 2], [101, 1, 2], [13, 1, 3], [31, 1, 2], [67, 1, 2], [5, 2, 4], [7, 1, 4], [19, 1, 3], [199, 1, 2]], "N_bits": 111, "M_bits": 111, "M": "1464631301166239631962950704345600", "N": "1464631301166239631962950704345600", "n_filters": 76, "residues_per_block": 15801827328000000, "density_wheel": 1.0788945528760382e-17, "density_rest": 3.666929417520566e-17, "expected_g": 2.527658796207059e+33, "E_g": 2.527658796207059e+33, "expected_blocks": 1.725798700460904, "N_over_E": 0.5794418547962361, "expected_residue_checks": 2.727077306757e+16, "expected_checks_true": 3.59304708226205e+16}, "engine_module": "gpu_sieve_v9", "engine_file": "sieve/gpu_sieve_v9.py", "engine_commit": "df0365a", "tag": "primary"}
# RESUME k=397 engine=gpu_sieve_v9 block t=1 residues_done=184867199447800/15801827328000000 (1.17%) survivors=0 restarts=2
k=397 t=1   1.51%  idx=2.380743e+14/1.580183e+16 surv=0 checked=1.6040e+16 rate=1.774e+11/s elapsed=0.08h block_eta=24.38h
k=397 t=1   1.86%  idx=2.943019e+14/1.580183e+16 surv=0 checked=1.6096e+16 rate=1.824e+11/s elapsed=0.17h block_eta=23.62h
k=397 t=1   2.20%  idx=3.475251e+14/1.580183e+16 surv=0 checked=1.6149e+16 rate=1.807e+11/s elapsed=0.25h block_eta=23.75h
k=397 t=1   2.55%  idx=4.030666e+14/1.580183e+16 surv=0 checked=1.6205e+16 rate=1.818e+11/s elapsed=0.33h block_eta=23.52h
k=397 t=1   2.91%  idx=4.596184e+14/1.580183e+16 surv=0 checked=1.6261e+16 rate=1.832e+11/s elapsed=0.42h block_eta=23.27h
k=397 t=1   3.28%  idx=5.179097e+14/1.580183e+16 surv=0 checked=1.6320e+16 rate=1.850e+11/s elapsed=0.50h block_eta=22.95h
k=397 t=1   3.62%  idx=5.722990e+14/1.580183e+16 surv=0 checked=1.6374e+16 rate=1.845e+11/s elapsed=0.58h block_eta=22.93h
k=397 t=1   3.98%  idx=6.285094e+14/1.580183e+16 surv=0 checked=1.6430e+16 rate=1.848e+11/s elapsed=0.67h block_eta=22.80h
k=397 t=1   4.34%  idx=6.858064e+14/1.580183e+16 surv=0 checked=1.6488e+16 rate=1.855e+11/s elapsed=0.75h block_eta=22.63h
k=397 t=1   4.70%  idx=7.421607e+14/1.580183e+16 surv=0 checked=1.6544e+16 rate=1.858e+11/s elapsed=0.83h block_eta=22.52h
k=397 t=1   5.07%  idx=8.012863e+14/1.580183e+16 surv=0 checked=1.6603e+16 rate=1.868e+11/s elapsed=0.92h block_eta=22.31h
k=397 t=1   5.41%  idx=8.542035e+14/1.580183e+16 surv=0 checked=1.6656e+16 rate=1.859e+11/s elapsed=1.00h block_eta=22.33h
k=397 t=1   5.76%  idx=9.094368e+14/1.580183e+16 surv=0 checked=1.6711e+16 rate=1.858e+11/s elapsed=1.08h block_eta=22.27h
k=397 t=1   6.13%  idx=9.681017e+14/1.580183e+16 surv=0 checked=1.6770e+16 rate=1.865e+11/s elapsed=1.17h block_eta=22.10h
k=397 t=1   6.47%  idx=1.022565e+15/1.580183e+16 surv=0 checked=1.6824e+16 rate=1.862e+11/s elapsed=1.25h block_eta=22.05h
k=397 t=1   6.82%  idx=1.078181e+15/1.580183e+16 surv=0 checked=1.6880e+16 rate=1.861e+11/s elapsed=1.33h block_eta=21.98h
k=397 t=1   7.19%  idx=1.135384e+15/1.580183e+16 surv=0 checked=1.6937e+16 rate=1.864e+11/s elapsed=1.42h block_eta=21.86h
k=397 t=1   7.53%  idx=1.189174e+15/1.580183e+16 surv=0 checked=1.6991e+16 rate=1.860e+11/s elapsed=1.50h block_eta=21.83h
k=397 t=1   7.87%  idx=1.243700e+15/1.580183e+16 surv=0 checked=1.7046e+16 rate=1.858e+11/s elapsed=1.58h block_eta=21.77h
k=397 t=1   8.21%  idx=1.296864e+15/1.580183e+16 surv=0 checked=1.7099e+16 rate=1.853e+11/s elapsed=1.67h block_eta=21.74h
k=397 t=1   8.55%  idx=1.351621e+15/1.580183e+16 surv=0 checked=1.7153e+16 rate=1.852e+11/s elapsed=1.75h block_eta=21.67h
k=397 t=1   8.91%  idx=1.407939e+15/1.580183e+16 surv=0 checked=1.7210e+16 rate=1.853e+11/s elapsed=1.83h block_eta=21.58h
k=397 t=1   9.28%  idx=1.466621e+15/1.580183e+16 surv=0 checked=1.7268e+16 rate=1.858e+11/s elapsed=1.92h block_eta=21.44h
k=397 t=1   9.64%  idx=1.523305e+15/1.580183e+16 surv=0 checked=1.7325e+16 rate=1.859e+11/s elapsed=2.00h block_eta=21.34h
k=397 t=1   9.97%  idx=1.574943e+15/1.580183e+16 surv=0 checked=1.7377e+16 rate=1.853e+11/s elapsed=2.08h block_eta=21.32h
k=397 t=1  10.32%  idx=1.630565e+15/1.580183e+16 surv=0 checked=1.7432e+16 rate=1.853e+11/s elapsed=2.17h block_eta=21.24h
k=397 t=1  10.65%  idx=1.683581e+15/1.580183e+16 surv=0 checked=1.7485e+16 rate=1.850e+11/s elapsed=2.25h block_eta=21.20h
k=397 t=1  11.01%  idx=1.739814e+15/1.580183e+16 surv=0 checked=1.7542e+16 rate=1.851e+11/s elapsed=2.33h block_eta=21.10h
k=397 t=1  11.35%  idx=1.794142e+15/1.580183e+16 surv=0 checked=1.7596e+16 rate=1.850e+11/s elapsed=2.42h block_eta=21.04h
k=397 t=1  11.69%  idx=1.847949e+15/1.580183e+16 surv=0 checked=1.7650e+16 rate=1.848e+11/s elapsed=2.50h block_eta=20.98h
k=397 t=1  12.03%  idx=1.901221e+15/1.580183e+16 surv=0 checked=1.7703e+16 rate=1.846e+11/s elapsed=2.58h block_eta=20.92h
k=397 t=1  12.38%  idx=1.956408e+15/1.580183e+16 surv=0 checked=1.7758e+16 rate=1.845e+11/s elapsed=2.67h block_eta=20.84h
k=397 t=1  12.73%  idx=2.011225e+15/1.580183e+16 surv=0 checked=1.7813e+16 rate=1.845e+11/s elapsed=2.75h block_eta=20.77h
k=397 t=1  13.09%  idx=2.068927e+15/1.580183e+16 surv=0 checked=1.7871e+16 rate=1.847e+11/s elapsed=2.83h block_eta=20.65h
k=397 t=1  13.42%  idx=2.120903e+15/1.580183e+16 surv=0 checked=1.7923e+16 rate=1.844e+11/s elapsed=2.92h block_eta=20.61h
k=397 t=1  13.78%  idx=2.176824e+15/1.580183e+16 surv=0 checked=1.7979e+16 rate=1.844e+11/s elapsed=3.00h block_eta=20.52h
k=397 t=1  14.13%  idx=2.232516e+15/1.580183e+16 surv=0 checked=1.8034e+16 rate=1.845e+11/s elapsed=3.08h block_eta=20.43h
k=397 t=1  14.50%  idx=2.292034e+15/1.580183e+16 surv=0 checked=1.8094e+16 rate=1.848e+11/s elapsed=3.17h block_eta=20.30h
k=397 t=1  14.86%  idx=2.347757e+15/1.580183e+16 surv=0 checked=1.8150e+16 rate=1.849e+11/s elapsed=3.25h block_eta=20.22h
k=397 t=1  15.26%  idx=2.410952e+15/1.580183e+16 surv=0 checked=1.8213e+16 rate=1.855e+11/s elapsed=3.33h block_eta=20.05h
k=397 t=1  15.60%  idx=2.464714e+15/1.580183e+16 surv=0 checked=1.8267e+16 rate=1.854e+11/s elapsed=3.42h block_eta=19.99h
k=397 t=1  15.97%  idx=2.523608e+15/1.580183e+16 surv=0 checked=1.8325e+16 rate=1.856e+11/s elapsed=3.50h block_eta=19.87h
k=397 t=1  16.34%  idx=2.581968e+15/1.580183e+16 surv=0 checked=1.8384e+16 rate=1.858e+11/s elapsed=3.58h block_eta=19.76h
k=397 t=1  16.69%  idx=2.637109e+15/1.580183e+16 surv=0 checked=1.8439e+16 rate=1.858e+11/s elapsed=3.67h block_eta=19.68h
k=397 t=1  17.04%  idx=2.691975e+15/1.580183e+16 surv=0 checked=1.8494e+16 rate=1.857e+11/s elapsed=3.75h block_eta=19.61h
k=397 t=1  17.39%  idx=2.748224e+15/1.580183e+16 surv=0 checked=1.8550e+16 rate=1.857e+11/s elapsed=3.83h block_eta=19.52h
k=397 t=1  17.76%  idx=2.805665e+15/1.580183e+16 surv=0 checked=1.8607e+16 rate=1.859e+11/s elapsed=3.92h block_eta=19.42h
k=397 t=1  18.11%  idx=2.862295e+15/1.580183e+16 surv=0 checked=1.8664e+16 rate=1.859e+11/s elapsed=4.00h block_eta=19.33h
k=397 t=1  18.50%  idx=2.922588e+15/1.580183e+16 surv=0 checked=1.8724e+16 rate=1.862e+11/s elapsed=4.08h block_eta=19.21h
k=397 t=1  18.83%  idx=2.974710e+15/1.580183e+16 surv=0 checked=1.8777e+16 rate=1.860e+11/s elapsed=4.17h block_eta=19.16h
k=397 t=1  19.18%  idx=3.030899e+15/1.580183e+16 surv=0 checked=1.8833e+16 rate=1.860e+11/s elapsed=4.25h block_eta=19.07h
k=397 t=1  19.54%  idx=3.087239e+15/1.580183e+16 surv=0 checked=1.8889e+16 rate=1.860e+11/s elapsed=4.33h block_eta=18.98h
k=397 t=1  19.89%  idx=3.142635e+15/1.580183e+16 surv=0 checked=1.8944e+16 rate=1.860e+11/s elapsed=4.42h block_eta=18.90h
k=397 t=1  20.21%  idx=3.194086e+15/1.580183e+16 surv=0 checked=1.8996e+16 rate=1.858e+11/s elapsed=4.50h block_eta=18.85h
k=397 t=1  20.59%  idx=3.253345e+15/1.580183e+16 surv=0 checked=1.9055e+16 rate=1.860e+11/s elapsed=4.58h block_eta=18.74h
k=397 t=1  20.93%  idx=3.308083e+15/1.580183e+16 surv=0 checked=1.9110e+16 rate=1.859e+11/s elapsed=4.67h block_eta=18.67h
k=397 t=1  21.29%  idx=3.364165e+15/1.580183e+16 surv=0 checked=1.9166e+16 rate=1.859e+11/s elapsed=4.75h block_eta=18.58h
k=397 t=1  21.63%  idx=3.417825e+15/1.580183e+16 surv=0 checked=1.9220e+16 rate=1.858e+11/s elapsed=4.83h block_eta=18.51h
k=397 t=1  21.99%  idx=3.475178e+15/1.580183e+16 surv=0 checked=1.9277e+16 rate=1.859e+11/s elapsed=4.92h block_eta=18.42h
k=397 t=1  22.34%  idx=3.529772e+15/1.580183e+16 surv=0 checked=1.9332e+16 rate=1.858e+11/s elapsed=5.00h block_eta=18.34h
k=397 t=1  22.69%  idx=3.584729e+15/1.580183e+16 surv=0 checked=1.9387e+16 rate=1.858e+11/s elapsed=5.08h block_eta=18.27h
k=397 t=1  23.04%  idx=3.640525e+15/1.580183e+16 surv=0 checked=1.9442e+16 rate=1.858e+11/s elapsed=5.17h block_eta=18.18h
k=397 t=1  23.38%  idx=3.694917e+15/1.580183e+16 surv=0 checked=1.9497e+16 rate=1.857e+11/s elapsed=5.25h block_eta=18.11h
k=397 t=1  23.75%  idx=3.752266e+15/1.580183e+16 surv=0 checked=1.9554e+16 rate=1.858e+11/s elapsed=5.33h block_eta=18.01h
k=397 t=1  24.10%  idx=3.807983e+15/1.580183e+16 surv=0 checked=1.9610e+16 rate=1.858e+11/s elapsed=5.42h block_eta=17.93h
k=397 t=1  24.45%  idx=3.863748e+15/1.580183e+16 surv=0 checked=1.9666e+16 rate=1.858e+11/s elapsed=5.50h block_eta=17.85h
k=397 t=1  24.83%  idx=3.923513e+15/1.580183e+16 surv=0 checked=1.9725e+16 rate=1.860e+11/s elapsed=5.58h block_eta=17.74h
k=397 t=1  25.19%  idx=3.979902e+15/1.580183e+16 surv=0 checked=1.9782e+16 rate=1.860e+11/s elapsed=5.67h block_eta=17.65h
k=397 t=1  25.53%  idx=4.034598e+15/1.580183e+16 surv=0 checked=1.9836e+16 rate=1.860e+11/s elapsed=5.75h block_eta=17.58h
k=397 t=1  25.89%  idx=4.091757e+15/1.580183e+16 surv=0 checked=1.9894e+16 rate=1.860e+11/s elapsed=5.83h block_eta=17.48h
k=397 t=1  26.24%  idx=4.146641e+15/1.580183e+16 surv=0 checked=1.9948e+16 rate=1.860e+11/s elapsed=5.92h block_eta=17.41h
k=397 t=1  26.60%  idx=4.202904e+15/1.580183e+16 surv=0 checked=2.0005e+16 rate=1.860e+11/s elapsed=6.00h block_eta=17.32h
k=397 t=1  26.95%  idx=4.259120e+15/1.580183e+16 surv=0 checked=2.0061e+16 rate=1.860e+11/s elapsed=6.08h block_eta=17.23h
k=397 t=1  27.30%  idx=4.313299e+15/1.580183e+16 surv=0 checked=2.0115e+16 rate=1.860e+11/s elapsed=6.17h block_eta=17.16h
k=397 t=1  27.66%  idx=4.370872e+15/1.580183e+16 surv=0 checked=2.0173e+16 rate=1.860e+11/s elapsed=6.25h block_eta=17.07h
k=397 t=1  28.01%  idx=4.425608e+15/1.580183e+16 surv=0 checked=2.0227e+16 rate=1.860e+11/s elapsed=6.33h block_eta=16.99h
k=397 t=1  28.37%  idx=4.482336e+15/1.580183e+16 surv=0 checked=2.0284e+16 rate=1.860e+11/s elapsed=6.42h block_eta=16.90h
k=397 t=1  28.72%  idx=4.538666e+15/1.580183e+16 surv=0 checked=2.0340e+16 rate=1.861e+11/s elapsed=6.50h block_eta=16.82h
k=397 t=1  29.07%  idx=4.593152e+15/1.580183e+16 surv=0 checked=2.0395e+16 rate=1.860e+11/s elapsed=6.58h block_eta=16.74h
k=397 t=1  29.41%  idx=4.648105e+15/1.580183e+16 surv=0 checked=2.0450e+16 rate=1.860e+11/s elapsed=6.67h block_eta=16.66h
k=397 t=1  29.79%  idx=4.707071e+15/1.580183e+16 surv=0 checked=2.0509e+16 rate=1.861e+11/s elapsed=6.75h block_eta=16.56h
k=397 t=1  30.14%  idx=4.761933e+15/1.580183e+16 surv=0 checked=2.0564e+16 rate=1.861e+11/s elapsed=6.83h block_eta=16.48h
k=397 t=1  30.51%  idx=4.820881e+15/1.580183e+16 surv=0 checked=2.0623e+16 rate=1.862e+11/s elapsed=6.92h block_eta=16.38h
k=397 t=1  30.88%  idx=4.879042e+15/1.580183e+16 surv=0 checked=2.0681e+16 rate=1.863e+11/s elapsed=7.00h block_eta=16.29h
k=397 t=1  31.22%  idx=4.933496e+15/1.580183e+16 surv=0 checked=2.0735e+16 rate=1.862e+11/s elapsed=7.08h block_eta=16.21h
k=397 t=1  31.59%  idx=4.992380e+15/1.580183e+16 surv=0 checked=2.0794e+16 rate=1.863e+11/s elapsed=7.17h block_eta=16.11h
k=397 t=1  31.94%  idx=5.047851e+15/1.580183e+16 surv=0 checked=2.0850e+16 rate=1.863e+11/s elapsed=7.25h block_eta=16.03h
k=397 t=1  32.30%  idx=5.103330e+15/1.580183e+16 surv=0 checked=2.0905e+16 rate=1.863e+11/s elapsed=7.33h block_eta=15.95h
k=397 t=1  32.65%  idx=5.159878e+15/1.580183e+16 surv=0 checked=2.0962e+16 rate=1.863e+11/s elapsed=7.42h block_eta=15.87h
k=397 t=1  33.00%  idx=5.214443e+15/1.580183e+16 surv=0 checked=2.1016e+16 rate=1.863e+11/s elapsed=7.50h block_eta=15.79h
k=397 t=1  33.34%  idx=5.268179e+15/1.580183e+16 surv=0 checked=2.1070e+16 rate=1.862e+11/s elapsed=7.58h block_eta=15.71h
k=397 t=1  33.72%  idx=5.328214e+15/1.580183e+16 surv=0 checked=2.1130e+16 rate=1.864e+11/s elapsed=7.67h block_eta=15.61h
k=397 t=1  34.09%  idx=5.386620e+15/1.580183e+16 surv=0 checked=2.1188e+16 rate=1.864e+11/s elapsed=7.75h block_eta=15.52h
k=397 t=1  34.46%  idx=5.444665e+15/1.580183e+16 surv=0 checked=2.1246e+16 rate=1.865e+11/s elapsed=7.83h block_eta=15.42h
k=397 t=1  34.80%  idx=5.498707e+15/1.580183e+16 surv=0 checked=2.1301e+16 rate=1.864e+11/s elapsed=7.92h block_eta=15.35h
k=397 t=1  35.15%  idx=5.553863e+15/1.580183e+16 surv=0 checked=2.1356e+16 rate=1.864e+11/s elapsed=8.00h block_eta=15.27h
k=397 t=1  35.52%  idx=5.612805e+15/1.580183e+16 surv=0 checked=2.1415e+16 rate=1.865e+11/s elapsed=8.08h block_eta=15.17h
k=397 t=1  35.87%  idx=5.668180e+15/1.580183e+16 surv=0 checked=2.1470e+16 rate=1.865e+11/s elapsed=8.17h block_eta=15.09h
k=397 t=1  36.24%  idx=5.726106e+15/1.580183e+16 surv=0 checked=2.1528e+16 rate=1.866e+11/s elapsed=8.25h block_eta=15.00h
k=397 t=1  36.60%  idx=5.783472e+15/1.580183e+16 surv=0 checked=2.1585e+16 rate=1.866e+11/s elapsed=8.33h block_eta=14.91h
k=397 t=1  36.95%  idx=5.839026e+15/1.580183e+16 surv=0 checked=2.1641e+16 rate=1.866e+11/s elapsed=8.42h block_eta=14.83h
k=397 t=1  37.30%  idx=5.894003e+15/1.580183e+16 surv=0 checked=2.1696e+16 rate=1.866e+11/s elapsed=8.50h block_eta=14.75h
k=397 t=1  37.67%  idx=5.952594e+15/1.580183e+16 surv=0 checked=2.1754e+16 rate=1.867e+11/s elapsed=8.58h block_eta=14.66h
k=397 t=1  38.05%  idx=6.011873e+15/1.580183e+16 surv=0 checked=2.1814e+16 rate=1.868e+11/s elapsed=8.67h block_eta=14.56h
k=397 t=1  38.40%  idx=6.068487e+15/1.580183e+16 surv=0 checked=2.1870e+16 rate=1.868e+11/s elapsed=8.75h block_eta=14.48h
k=397 t=1  38.75%  idx=6.123919e+15/1.580183e+16 surv=0 checked=2.1926e+16 rate=1.868e+11/s elapsed=8.83h block_eta=14.39h
k=397 t=1  39.10%  idx=6.179055e+15/1.580183e+16 surv=0 checked=2.1981e+16 rate=1.867e+11/s elapsed=8.92h block_eta=14.31h
k=397 t=1  39.45%  idx=6.234348e+15/1.580183e+16 surv=0 checked=2.2036e+16 rate=1.867e+11/s elapsed=9.00h block_eta=14.23h
k=397 t=1  39.80%  idx=6.288863e+15/1.580183e+16 surv=0 checked=2.2091e+16 rate=1.867e+11/s elapsed=9.08h block_eta=14.16h
k=397 t=1  40.16%  idx=6.345289e+15/1.580183e+16 surv=0 checked=2.2147e+16 rate=1.867e+11/s elapsed=9.17h block_eta=14.07h
k=397 t=1  40.51%  idx=6.400761e+15/1.580183e+16 surv=0 checked=2.2203e+16 rate=1.867e+11/s elapsed=9.25h block_eta=13.99h
k=397 t=1  40.86%  idx=6.456951e+15/1.580183e+16 surv=0 checked=2.2259e+16 rate=1.867e+11/s elapsed=9.33h block_eta=13.91h
k=397 t=1  41.24%  idx=6.517127e+15/1.580183e+16 surv=0 checked=2.2319e+16 rate=1.868e+11/s elapsed=9.42h block_eta=13.81h
k=397 t=1  41.60%  idx=6.573181e+15/1.580183e+16 surv=0 checked=2.2375e+16 rate=1.868e+11/s elapsed=9.50h block_eta=13.72h
k=397 t=1  41.94%  idx=6.627363e+15/1.580183e+16 surv=0 checked=2.2429e+16 rate=1.867e+11/s elapsed=9.58h block_eta=13.65h
k=397 t=1  42.29%  idx=6.682936e+15/1.580183e+16 surv=0 checked=2.2485e+16 rate=1.867e+11/s elapsed=9.67h block_eta=13.57h
k=397 t=1  42.67%  idx=6.742348e+15/1.580183e+16 surv=0 checked=2.2544e+16 rate=1.868e+11/s elapsed=9.75h block_eta=13.47h
k=397 t=1  43.03%  idx=6.799595e+15/1.580183e+16 surv=0 checked=2.2601e+16 rate=1.869e+11/s elapsed=9.83h block_eta=13.38h
k=397 t=1  43.36%  idx=6.851470e+15/1.580183e+16 surv=0 checked=2.2653e+16 rate=1.867e+11/s elapsed=9.92h block_eta=13.31h
k=397 t=1  43.71%  idx=6.906503e+15/1.580183e+16 surv=0 checked=2.2708e+16 rate=1.867e+11/s elapsed=10.00h block_eta=13.23h
k=397 t=1  44.06%  idx=6.962962e+15/1.580183e+16 surv=0 checked=2.2765e+16 rate=1.867e+11/s elapsed=10.08h block_eta=13.15h
k=397 t=1  44.40%  idx=7.016203e+15/1.580183e+16 surv=0 checked=2.2818e+16 rate=1.866e+11/s elapsed=10.17h block_eta=13.08h
k=397 t=1  44.77%  idx=7.073843e+15/1.580183e+16 surv=0 checked=2.2876e+16 rate=1.867e+11/s elapsed=10.25h block_eta=12.99h
k=397 t=1  45.15%  idx=7.133811e+15/1.580183e+16 surv=0 checked=2.2936e+16 rate=1.868e+11/s elapsed=10.33h block_eta=12.89h
k=397 t=1  45.49%  idx=7.188732e+15/1.580183e+16 surv=0 checked=2.2991e+16 rate=1.868e+11/s elapsed=10.42h block_eta=12.81h
k=397 t=1  45.85%  idx=7.244948e+15/1.580183e+16 surv=0 checked=2.3047e+16 rate=1.868e+11/s elapsed=10.50h block_eta=12.73h
k=397 t=1  46.19%  idx=7.299303e+15/1.580183e+16 surv=0 checked=2.3101e+16 rate=1.867e+11/s elapsed=10.58h block_eta=12.65h
k=397 t=1  46.56%  idx=7.356715e+15/1.580183e+16 surv=0 checked=2.3159e+16 rate=1.868e+11/s elapsed=10.67h block_eta=12.56h
k=397 t=1  46.92%  idx=7.414113e+15/1.580183e+16 surv=0 checked=2.3216e+16 rate=1.868e+11/s elapsed=10.75h block_eta=12.47h
k=397 t=1  47.27%  idx=7.469659e+15/1.580183e+16 surv=0 checked=2.3271e+16 rate=1.868e+11/s elapsed=10.83h block_eta=12.39h
k=397 t=1  47.64%  idx=7.527497e+15/1.580183e+16 surv=0 checked=2.3329e+16 rate=1.868e+11/s elapsed=10.92h block_eta=12.30h
k=397 t=1  48.02%  idx=7.587842e+15/1.580183e+16 surv=0 checked=2.3390e+16 rate=1.869e+11/s elapsed=11.00h block_eta=12.21h
k=397 t=1  48.40%  idx=7.647541e+15/1.580183e+16 surv=0 checked=2.3449e+16 rate=1.870e+11/s elapsed=11.08h block_eta=12.11h
k=397 t=1  48.74%  idx=7.701684e+15/1.580183e+16 surv=0 checked=2.3504e+16 rate=1.870e+11/s elapsed=11.17h block_eta=12.03h
k=397 t=1  49.09%  idx=7.756934e+15/1.580183e+16 surv=0 checked=2.3559e+16 rate=1.870e+11/s elapsed=11.25h block_eta=11.95h
k=397 t=1  49.43%  idx=7.810753e+15/1.580183e+16 surv=0 checked=2.3613e+16 rate=1.869e+11/s elapsed=11.33h block_eta=11.88h
k=397 t=1  49.77%  idx=7.864537e+15/1.580183e+16 surv=0 checked=2.3666e+16 rate=1.869e+11/s elapsed=11.42h block_eta=11.80h
k=397 t=1  50.12%  idx=7.920554e+15/1.580183e+16 surv=0 checked=2.3722e+16 rate=1.869e+11/s elapsed=11.50h block_eta=11.72h
k=397 t=1  50.48%  idx=7.976054e+15/1.580183e+16 surv=0 checked=2.3778e+16 rate=1.868e+11/s elapsed=11.58h block_eta=11.63h
k=397 t=1  50.86%  idx=8.037058e+15/1.580183e+16 surv=0 checked=2.3839e+16 rate=1.870e+11/s elapsed=11.67h block_eta=11.54h
k=397 t=1  51.20%  idx=8.090602e+15/1.580183e+16 surv=0 checked=2.3892e+16 rate=1.869e+11/s elapsed=11.75h block_eta=11.46h
k=397 t=1  51.54%  idx=8.144923e+15/1.580183e+16 surv=0 checked=2.3947e+16 rate=1.869e+11/s elapsed=11.83h block_eta=11.38h
k=397 t=1  51.89%  idx=8.199083e+15/1.580183e+16 surv=0 checked=2.4001e+16 rate=1.868e+11/s elapsed=11.92h block_eta=11.30h
{"k": 397, "status": "TIMEOUT", "block": 1, "idx_done": 8254120578308200, "block_audit": [{"t": 0, "residues_enumerated": 15801827328000000, "kernel_survivors": 1, "after_n_gt_k_plus_1": 0, "passed_ref_is_good": 0, "survivors_n": ["397"], "sha256_survivors": "1d2028ddcd746a7ee87dd0739d7435602b77d4908f96e27ebdad57b09aa27b69"}], "surv_hash_recipe": "sha256 of the UTF-8 bytes of '\\n'.join(decimal(n) for n in sorted(survivors)), no trailing newline; the empty list hashes to sha256(b'')", "unit_done": 330164823132328, "units_total": 632073093120000, "R": 15801827328000000, "residues_checked": 24055947906308200, "wall": 129598.40229701996, "wall_leg": 43199.5784637928, "restarts": 2, "checkpoint": "overnight/2026-09-07/checkpoints/k397_primary.json", "plan": {"k": 397, "wheel": [[211, 1], [3, 6], [139, 1], [83, 1], [2, 9], [59, 1], [103, 1], [137, 1], [37, 1], [29, 1], [101, 1], [13, 1], [31, 1], [67, 1], [5, 2], [7, 1], [19, 1], [199, 1]], "wheel_primes": [211, 3, 139, 83, 2, 59, 103, 137, 37, 29, 101, 13, 31, 67, 5, 7, 19, 199], "split_primes": [[211, 1, 2], [139, 1, 2], [83, 1, 2], [59, 1, 2], [103, 1, 2], [137, 1, 2], [37, 1, 2], [29, 1, 2], [101, 1, 2], [13, 1, 3], [31, 1, 2], [67, 1, 2], [5, 2, 4], [7, 1, 4], [19, 1, 3], [199, 1, 2]], "N_bits": 111, "M_bits": 111, "M": "1464631301166239631962950704345600", "N": "1464631301166239631962950704345600", "n_filters": 76, "residues_per_block": 15801827328000000, "density_wheel": 1.0788945528760382e-17, "density_rest": 3.666929417520566e-17, "expected_g": 2.527658796207059e+33, "E_g": 2.527658796207059e+33, "expected_blocks": 1.725798700460904, "N_over_E": 0.5794418547962361, "expected_residue_checks": 2.727077306757e+16, "expected_checks_true": 3.59304708226205e+16}, "engine_module": "gpu_sieve_v9", "engine_file": "sieve/gpu_sieve_v9.py", "engine_commit": "df0365a", "tag": "primary"}
# RESUME k=397 engine=gpu_sieve_v9 block t=1 residues_done=8254120578308200/15801827328000000 (52.24%) survivors=0 restarts=3
k=397 t=1  52.58%  idx=8.308021e+15/1.580183e+16 surv=0 checked=2.4110e+16 rate=1.797e+11/s elapsed=0.08h block_eta=11.59h
k=397 t=1  52.93%  idx=8.364136e+15/1.580183e+16 surv=0 checked=2.4166e+16 rate=1.834e+11/s elapsed=0.17h block_eta=11.27h
k=397 t=1  53.28%  idx=8.419491e+15/1.580183e+16 surv=0 checked=2.4221e+16 rate=1.837e+11/s elapsed=0.25h block_eta=11.16h
k=397 t=1  53.66%  idx=8.478517e+15/1.580183e+16 surv=0 checked=2.4280e+16 rate=1.870e+11/s elapsed=0.33h block_eta=10.88h
k=397 t=1  54.00%  idx=8.533317e+15/1.580183e+16 surv=0 checked=2.4335e+16 rate=1.861e+11/s elapsed=0.42h block_eta=10.85h
k=397 t=1  54.35%  idx=8.588932e+15/1.580183e+16 surv=0 checked=2.4391e+16 rate=1.860e+11/s elapsed=0.50h block_eta=10.77h
k=397 t=1  54.72%  idx=8.647339e+15/1.580183e+16 surv=0 checked=2.4449e+16 rate=1.872e+11/s elapsed=0.58h block_eta=10.61h
k=397 t=1  55.08%  idx=8.703834e+15/1.580183e+16 surv=0 checked=2.4506e+16 rate=1.874e+11/s elapsed=0.67h block_eta=10.52h
k=397 t=1  55.43%  idx=8.758728e+15/1.580183e+16 surv=0 checked=2.4561e+16 rate=1.869e+11/s elapsed=0.75h block_eta=10.47h
k=397 t=1  55.77%  idx=8.812157e+15/1.580183e+16 surv=0 checked=2.4614e+16 rate=1.860e+11/s elapsed=0.83h block_eta=10.44h
k=397 t=1  56.11%  idx=8.866148e+15/1.580183e+16 surv=0 checked=2.4668e+16 rate=1.855e+11/s elapsed=0.92h block_eta=10.39h
k=397 t=1  56.45%  idx=8.920855e+15/1.580183e+16 surv=0 checked=2.4723e+16 rate=1.852e+11/s elapsed=1.00h block_eta=10.32h
k=397 t=1  56.81%  idx=8.977340e+15/1.580183e+16 surv=0 checked=2.4779e+16 rate=1.854e+11/s elapsed=1.08h block_eta=10.22h
k=397 t=1  57.18%  idx=9.034800e+15/1.580183e+16 surv=0 checked=2.4837e+16 rate=1.859e+11/s elapsed=1.17h block_eta=10.11h
k=397 t=1  57.54%  idx=9.091768e+15/1.580183e+16 surv=0 checked=2.4894e+16 rate=1.861e+11/s elapsed=1.25h block_eta=10.01h
k=397 t=1  57.89%  idx=9.147188e+15/1.580183e+16 surv=0 checked=2.4949e+16 rate=1.861e+11/s elapsed=1.33h block_eta=9.94h
k=397 t=1  58.26%  idx=9.206242e+15/1.580183e+16 surv=0 checked=2.5008e+16 rate=1.867e+11/s elapsed=1.42h block_eta=9.81h
k=397 t=1  58.62%  idx=9.262723e+15/1.580183e+16 surv=0 checked=2.5065e+16 rate=1.868e+11/s elapsed=1.50h block_eta=9.73h
k=397 t=1  58.98%  idx=9.319956e+15/1.580183e+16 surv=0 checked=2.5122e+16 rate=1.870e+11/s elapsed=1.58h block_eta=9.63h
k=397 t=1  59.33%  idx=9.374469e+15/1.580183e+16 surv=0 checked=2.5176e+16 rate=1.867e+11/s elapsed=1.67h block_eta=9.56h
k=397 t=1  59.70%  idx=9.432961e+15/1.580183e+16 surv=0 checked=2.5235e+16 rate=1.871e+11/s elapsed=1.75h block_eta=9.45h
k=397 t=1  60.05%  idx=9.488338e+15/1.580183e+16 surv=0 checked=2.5290e+16 rate=1.870e+11/s elapsed=1.83h block_eta=9.38h
k=397 t=1  60.39%  idx=9.542794e+15/1.580183e+16 surv=0 checked=2.5345e+16 rate=1.868e+11/s elapsed=1.92h block_eta=9.31h
k=397 t=1  60.74%  idx=9.597624e+15/1.580183e+16 surv=0 checked=2.5399e+16 rate=1.866e+11/s elapsed=2.00h block_eta=9.24h
k=397 t=1  61.10%  idx=9.654287e+15/1.580183e+16 surv=0 checked=2.5456e+16 rate=1.867e+11/s elapsed=2.08h block_eta=9.15h
k=397 t=1  61.45%  idx=9.710658e+15/1.580183e+16 surv=0 checked=2.5512e+16 rate=1.867e+11/s elapsed=2.17h block_eta=9.06h
k=397 t=1  61.81%  idx=9.767090e+15/1.580183e+16 surv=0 checked=2.5569e+16 rate=1.868e+11/s elapsed=2.25h block_eta=8.97h
k=397 t=1  62.15%  idx=9.821022e+15/1.580183e+16 surv=0 checked=2.5623e+16 rate=1.865e+11/s elapsed=2.33h block_eta=8.91h
k=397 t=1  62.52%  idx=9.879473e+15/1.580183e+16 surv=0 checked=2.5681e+16 rate=1.868e+11/s elapsed=2.42h block_eta=8.81h
k=397 t=1  62.88%  idx=9.935408e+15/1.580183e+16 surv=0 checked=2.5737e+16 rate=1.868e+11/s elapsed=2.50h block_eta=8.72h
k=397 t=1  63.23%  idx=9.991209e+15/1.580183e+16 surv=0 checked=2.5793e+16 rate=1.868e+11/s elapsed=2.58h block_eta=8.64h
k=397 t=1  63.59%  idx=1.004823e+16/1.580183e+16 surv=0 checked=2.5850e+16 rate=1.869e+11/s elapsed=2.67h block_eta=8.55h
k=397 t=1  63.94%  idx=1.010434e+16/1.580183e+16 surv=0 checked=2.5906e+16 rate=1.869e+11/s elapsed=2.75h block_eta=8.47h
k=397 t=1  64.31%  idx=1.016184e+16/1.580183e+16 surv=0 checked=2.5964e+16 rate=1.870e+11/s elapsed=2.83h block_eta=8.38h
k=397 t=1  64.65%  idx=1.021638e+16/1.580183e+16 surv=0 checked=2.6018e+16 rate=1.869e+11/s elapsed=2.92h block_eta=8.30h
k=397 t=1  65.01%  idx=1.027199e+16/1.580183e+16 surv=0 checked=2.6074e+16 rate=1.868e+11/s elapsed=3.00h block_eta=8.22h
k=397 t=1  65.36%  idx=1.032831e+16/1.580183e+16 surv=0 checked=2.6130e+16 rate=1.869e+11/s elapsed=3.08h block_eta=8.14h
k=397 t=1  65.72%  idx=1.038530e+16/1.580183e+16 surv=0 checked=2.6187e+16 rate=1.869e+11/s elapsed=3.17h block_eta=8.05h
k=397 t=1  66.08%  idx=1.044253e+16/1.580183e+16 surv=0 checked=2.6244e+16 rate=1.870e+11/s elapsed=3.25h block_eta=7.96h
k=397 t=1  66.46%  idx=1.050240e+16/1.580183e+16 surv=0 checked=2.6304e+16 rate=1.874e+11/s elapsed=3.33h block_eta=7.86h
k=397 t=1  66.84%  idx=1.056223e+16/1.580183e+16 surv=0 checked=2.6364e+16 rate=1.876e+11/s elapsed=3.42h block_eta=7.76h
k=397 t=1  67.19%  idx=1.061759e+16/1.580183e+16 surv=0 checked=2.6419e+16 rate=1.876e+11/s elapsed=3.50h block_eta=7.68h
k=397 t=1  67.53%  idx=1.067085e+16/1.580183e+16 surv=0 checked=2.6473e+16 rate=1.873e+11/s elapsed=3.58h block_eta=7.61h
k=397 t=1  67.90%  idx=1.073005e+16/1.580183e+16 surv=0 checked=2.6532e+16 rate=1.876e+11/s elapsed=3.67h block_eta=7.51h
k=397 t=1  68.28%  idx=1.078994e+16/1.580183e+16 surv=0 checked=2.6592e+16 rate=1.878e+11/s elapsed=3.75h block_eta=7.41h
k=397 t=1  68.62%  idx=1.084372e+16/1.580183e+16 surv=0 checked=2.6646e+16 rate=1.877e+11/s elapsed=3.83h block_eta=7.34h
k=397 t=1  68.99%  idx=1.090119e+16/1.580183e+16 surv=0 checked=2.6703e+16 rate=1.877e+11/s elapsed=3.92h block_eta=7.25h
k=397 t=1  69.32%  idx=1.095403e+16/1.580183e+16 surv=0 checked=2.6756e+16 rate=1.875e+11/s elapsed=4.00h block_eta=7.18h
k=397 t=1  69.66%  idx=1.100762e+16/1.580183e+16 surv=0 checked=2.6809e+16 rate=1.873e+11/s elapsed=4.08h block_eta=7.11h
k=397 t=1  70.03%  idx=1.106540e+16/1.580183e+16 surv=0 checked=2.6867e+16 rate=1.874e+11/s elapsed=4.17h block_eta=7.02h
k=397 t=1  70.37%  idx=1.111972e+16/1.580183e+16 surv=0 checked=2.6922e+16 rate=1.873e+11/s elapsed=4.25h block_eta=6.94h
k=397 t=1  70.71%  idx=1.117394e+16/1.580183e+16 surv=0 checked=2.6976e+16 rate=1.872e+11/s elapsed=4.33h block_eta=6.87h
k=397 t=1  71.06%  idx=1.122866e+16/1.580183e+16 surv=0 checked=2.7030e+16 rate=1.871e+11/s elapsed=4.42h block_eta=6.79h
k=397 t=1  71.43%  idx=1.128722e+16/1.580183e+16 surv=0 checked=2.7089e+16 rate=1.872e+11/s elapsed=4.50h block_eta=6.70h
k=397 t=1  71.77%  idx=1.134148e+16/1.580183e+16 surv=0 checked=2.7143e+16 rate=1.871e+11/s elapsed=4.58h block_eta=6.62h
k=397 t=1  72.12%  idx=1.139684e+16/1.580183e+16 surv=0 checked=2.7199e+16 rate=1.871e+11/s elapsed=4.67h block_eta=6.54h
k=397 t=1  72.50%  idx=1.145653e+16/1.580183e+16 surv=0 checked=2.7258e+16 rate=1.873e+11/s elapsed=4.75h block_eta=6.45h
k=397 t=1  72.86%  idx=1.151247e+16/1.580183e+16 surv=0 checked=2.7314e+16 rate=1.873e+11/s elapsed=4.83h block_eta=6.36h
k=397 t=1  73.22%  idx=1.157017e+16/1.580183e+16 surv=0 checked=2.7372e+16 rate=1.873e+11/s elapsed=4.92h block_eta=6.27h
k=397 t=1  73.59%  idx=1.162901e+16/1.580183e+16 surv=0 checked=2.7431e+16 rate=1.875e+11/s elapsed=5.00h block_eta=6.18h
k=397 t=1  73.97%  idx=1.168939e+16/1.580183e+16 surv=0 checked=2.7491e+16 rate=1.877e+11/s elapsed=5.08h block_eta=6.09h
k=397 t=1  74.37%  idx=1.175189e+16/1.580183e+16 surv=0 checked=2.7554e+16 rate=1.881e+11/s elapsed=5.17h block_eta=5.98h
k=397 t=1  74.72%  idx=1.180716e+16/1.580183e+16 surv=0 checked=2.7609e+16 rate=1.880e+11/s elapsed=5.25h block_eta=5.90h
k=397 t=1  75.13%  idx=1.187203e+16/1.580183e+16 surv=0 checked=2.7674e+16 rate=1.884e+11/s elapsed=5.33h block_eta=5.79h
k=397 t=1  75.50%  idx=1.193076e+16/1.580183e+16 surv=0 checked=2.7733e+16 rate=1.885e+11/s elapsed=5.42h block_eta=5.70h
k=397 t=1  75.87%  idx=1.198929e+16/1.580183e+16 surv=0 checked=2.7791e+16 rate=1.886e+11/s elapsed=5.50h block_eta=5.61h
k=397 t=1  76.21%  idx=1.204258e+16/1.580183e+16 surv=0 checked=2.7844e+16 rate=1.885e+11/s elapsed=5.58h block_eta=5.54h
k=397 t=1  76.55%  idx=1.209682e+16/1.580183e+16 surv=0 checked=2.7899e+16 rate=1.884e+11/s elapsed=5.67h block_eta=5.46h
k=397 t=1  76.91%  idx=1.215267e+16/1.580183e+16 surv=0 checked=2.7954e+16 rate=1.883e+11/s elapsed=5.75h block_eta=5.38h
k=397 t=1  77.20%  idx=1.219975e+16/1.580183e+16 surv=0 checked=2.8002e+16 rate=1.879e+11/s elapsed=5.83h block_eta=5.33h
k=397 t=1  77.51%  idx=1.224790e+16/1.580183e+16 surv=0 checked=2.8050e+16 rate=1.875e+11/s elapsed=5.92h block_eta=5.27h
k=397 t=1  77.85%  idx=1.230114e+16/1.580183e+16 surv=0 checked=2.8103e+16 rate=1.874e+11/s elapsed=6.00h block_eta=5.19h
k=397 t=1  78.15%  idx=1.234983e+16/1.580183e+16 surv=0 checked=2.8152e+16 rate=1.870e+11/s elapsed=6.08h block_eta=5.13h
k=397 t=1  78.49%  idx=1.240271e+16/1.580183e+16 surv=0 checked=2.8205e+16 rate=1.869e+11/s elapsed=6.17h block_eta=5.05h
k=397 t=1  78.81%  idx=1.245263e+16/1.580183e+16 surv=0 checked=2.8254e+16 rate=1.866e+11/s elapsed=6.25h block_eta=4.99h
k=397 t=1  79.15%  idx=1.250732e+16/1.580183e+16 surv=0 checked=2.8309e+16 rate=1.865e+11/s elapsed=6.33h block_eta=4.91h
k=397 t=1  79.51%  idx=1.256463e+16/1.580183e+16 surv=0 checked=2.8366e+16 rate=1.866e+11/s elapsed=6.42h block_eta=4.82h
k=397 t=1  79.90%  idx=1.262516e+16/1.580183e+16 surv=0 checked=2.8427e+16 rate=1.868e+11/s elapsed=6.50h block_eta=4.72h
k=397 t=1  80.27%  idx=1.268397e+16/1.580183e+16 surv=0 checked=2.8486e+16 rate=1.869e+11/s elapsed=6.58h block_eta=4.63h
k=397 t=1  80.62%  idx=1.273898e+16/1.580183e+16 surv=0 checked=2.8541e+16 rate=1.869e+11/s elapsed=6.67h block_eta=4.55h
k=397 t=1  80.95%  idx=1.279236e+16/1.580183e+16 surv=0 checked=2.8594e+16 rate=1.868e+11/s elapsed=6.75h block_eta=4.48h
k=397 t=1  81.29%  idx=1.284542e+16/1.580183e+16 surv=0 checked=2.8647e+16 rate=1.866e+11/s elapsed=6.83h block_eta=4.40h
k=397 t=1  81.64%  idx=1.290043e+16/1.580183e+16 surv=0 checked=2.8702e+16 rate=1.866e+11/s elapsed=6.92h block_eta=4.32h
k=397 t=1  81.99%  idx=1.295522e+16/1.580183e+16 surv=0 checked=2.8757e+16 rate=1.865e+11/s elapsed=7.00h block_eta=4.24h
k=397 t=1  82.36%  idx=1.301379e+16/1.580183e+16 surv=0 checked=2.8816e+16 rate=1.867e+11/s elapsed=7.08h block_eta=4.15h
k=397 t=1  82.75%  idx=1.307607e+16/1.580183e+16 surv=0 checked=2.8878e+16 rate=1.869e+11/s elapsed=7.17h block_eta=4.05h
k=397 t=1  83.11%  idx=1.313236e+16/1.580183e+16 surv=0 checked=2.8934e+16 rate=1.869e+11/s elapsed=7.25h block_eta=3.97h
k=397 t=1  83.45%  idx=1.318627e+16/1.580183e+16 surv=0 checked=2.8988e+16 rate=1.868e+11/s elapsed=7.33h block_eta=3.89h
k=397 t=1  83.81%  idx=1.324400e+16/1.580183e+16 surv=0 checked=2.9046e+16 rate=1.869e+11/s elapsed=7.42h block_eta=3.80h
k=397 t=1  84.17%  idx=1.330027e+16/1.580183e+16 surv=0 checked=2.9102e+16 rate=1.869e+11/s elapsed=7.50h block_eta=3.72h
k=397 t=1  84.52%  idx=1.335628e+16/1.580183e+16 surv=0 checked=2.9158e+16 rate=1.869e+11/s elapsed=7.58h block_eta=3.63h
k=397 t=1  84.86%  idx=1.340887e+16/1.580183e+16 surv=0 checked=2.9211e+16 rate=1.868e+11/s elapsed=7.67h block_eta=3.56h
k=397 t=1  85.22%  idx=1.346615e+16/1.580183e+16 surv=0 checked=2.9268e+16 rate=1.868e+11/s elapsed=7.75h block_eta=3.47h
k=397 t=1  85.57%  idx=1.352124e+16/1.580183e+16 surv=0 checked=2.9323e+16 rate=1.868e+11/s elapsed=7.83h block_eta=3.39h
k=397 t=1  85.93%  idx=1.357908e+16/1.580183e+16 surv=0 checked=2.9381e+16 rate=1.868e+11/s elapsed=7.92h block_eta=3.30h
k=397 t=1  86.27%  idx=1.363294e+16/1.580183e+16 surv=0 checked=2.9435e+16 rate=1.868e+11/s elapsed=8.00h block_eta=3.23h
k=397 t=1  86.63%  idx=1.368848e+16/1.580183e+16 surv=0 checked=2.9490e+16 rate=1.867e+11/s elapsed=8.08h block_eta=3.14h
k=397 t=1  86.99%  idx=1.374565e+16/1.580183e+16 surv=0 checked=2.9547e+16 rate=1.868e+11/s elapsed=8.17h block_eta=3.06h
k=397 t=1  87.35%  idx=1.380278e+16/1.580183e+16 surv=0 checked=2.9605e+16 rate=1.868e+11/s elapsed=8.25h block_eta=2.97h
k=397 t=1  87.71%  idx=1.386056e+16/1.580183e+16 surv=0 checked=2.9662e+16 rate=1.869e+11/s elapsed=8.33h block_eta=2.89h
k=397 t=1  88.08%  idx=1.391793e+16/1.580183e+16 surv=0 checked=2.9720e+16 rate=1.869e+11/s elapsed=8.42h block_eta=2.80h
k=397 t=1  88.45%  idx=1.397708e+16/1.580183e+16 surv=0 checked=2.9779e+16 rate=1.870e+11/s elapsed=8.50h block_eta=2.71h
k=397 t=1  88.82%  idx=1.403446e+16/1.580183e+16 surv=0 checked=2.9836e+16 rate=1.871e+11/s elapsed=8.58h block_eta=2.62h
k=397 t=1  89.17%  idx=1.408988e+16/1.580183e+16 surv=0 checked=2.9892e+16 rate=1.870e+11/s elapsed=8.67h block_eta=2.54h
k=397 t=1  89.52%  idx=1.414648e+16/1.580183e+16 surv=0 checked=2.9948e+16 rate=1.871e+11/s elapsed=8.75h block_eta=2.46h
k=397 t=1  89.91%  idx=1.420803e+16/1.580183e+16 surv=0 checked=3.0010e+16 rate=1.872e+11/s elapsed=8.83h block_eta=2.36h
k=397 t=1  90.25%  idx=1.426058e+16/1.580183e+16 surv=0 checked=3.0062e+16 rate=1.871e+11/s elapsed=8.92h block_eta=2.29h
k=397 t=1  90.60%  idx=1.431714e+16/1.580183e+16 surv=0 checked=3.0119e+16 rate=1.871e+11/s elapsed=9.00h block_eta=2.20h
k=397 t=1  90.97%  idx=1.437508e+16/1.580183e+16 surv=0 checked=3.0177e+16 rate=1.872e+11/s elapsed=9.08h block_eta=2.12h
k=397 t=1  91.32%  idx=1.443083e+16/1.580183e+16 surv=0 checked=3.0233e+16 rate=1.872e+11/s elapsed=9.17h block_eta=2.03h
k=397 t=1  91.69%  idx=1.448897e+16/1.580183e+16 surv=0 checked=3.0291e+16 rate=1.872e+11/s elapsed=9.25h block_eta=1.95h
k=397 t=1  92.05%  idx=1.454637e+16/1.580183e+16 surv=0 checked=3.0348e+16 rate=1.873e+11/s elapsed=9.33h block_eta=1.86h
k=397 t=1  92.41%  idx=1.460193e+16/1.580183e+16 surv=0 checked=3.0404e+16 rate=1.872e+11/s elapsed=9.42h block_eta=1.78h
k=397 t=1  92.76%  idx=1.465731e+16/1.580183e+16 surv=0 checked=3.0459e+16 rate=1.872e+11/s elapsed=9.50h block_eta=1.70h
k=397 t=1  93.11%  idx=1.471283e+16/1.580183e+16 surv=0 checked=3.0515e+16 rate=1.872e+11/s elapsed=9.58h block_eta=1.62h
k=397 t=1  93.48%  idx=1.477118e+16/1.580183e+16 surv=0 checked=3.0573e+16 rate=1.873e+11/s elapsed=9.67h block_eta=1.53h
k=397 t=1  93.83%  idx=1.482670e+16/1.580183e+16 surv=0 checked=3.0629e+16 rate=1.873e+11/s elapsed=9.75h block_eta=1.45h
k=397 t=1  94.20%  idx=1.488596e+16/1.580183e+16 surv=0 checked=3.0688e+16 rate=1.873e+11/s elapsed=9.83h block_eta=1.36h
k=397 t=1  94.56%  idx=1.494197e+16/1.580183e+16 surv=0 checked=3.0744e+16 rate=1.873e+11/s elapsed=9.92h block_eta=1.28h
k=397 t=1  94.89%  idx=1.499443e+16/1.580183e+16 surv=0 checked=3.0796e+16 rate=1.872e+11/s elapsed=10.00h block_eta=1.20h
k=397 t=1  95.24%  idx=1.505039e+16/1.580183e+16 surv=0 checked=3.0852e+16 rate=1.872e+11/s elapsed=10.08h block_eta=1.11h
k=397 t=1  95.59%  idx=1.510433e+16/1.580183e+16 surv=0 checked=3.0906e+16 rate=1.872e+11/s elapsed=10.17h block_eta=1.04h
k=397 t=1  95.94%  idx=1.516043e+16/1.580183e+16 surv=0 checked=3.0962e+16 rate=1.872e+11/s elapsed=10.25h block_eta=0.95h
k=397 t=1  96.30%  idx=1.521756e+16/1.580183e+16 surv=0 checked=3.1019e+16 rate=1.872e+11/s elapsed=10.33h block_eta=0.87h
k=397 t=1  96.68%  idx=1.527777e+16/1.580183e+16 surv=0 checked=3.1080e+16 rate=1.873e+11/s elapsed=10.42h block_eta=0.78h
k=397 t=1  97.05%  idx=1.533552e+16/1.580183e+16 surv=0 checked=3.1137e+16 rate=1.873e+11/s elapsed=10.50h block_eta=0.69h
k=397 t=1  97.42%  idx=1.539360e+16/1.580183e+16 surv=0 checked=3.1195e+16 rate=1.874e+11/s elapsed=10.58h block_eta=0.61h
k=397 t=1  97.76%  idx=1.544801e+16/1.580183e+16 surv=0 checked=3.1250e+16 rate=1.873e+11/s elapsed=10.67h block_eta=0.52h
k=397 t=1  98.11%  idx=1.550321e+16/1.580183e+16 surv=0 checked=3.1305e+16 rate=1.873e+11/s elapsed=10.75h block_eta=0.44h
k=397 t=1  98.47%  idx=1.556013e+16/1.580183e+16 surv=0 checked=3.1362e+16 rate=1.873e+11/s elapsed=10.83h block_eta=0.36h
k=397 t=1  98.84%  idx=1.561872e+16/1.580183e+16 surv=0 checked=3.1421e+16 rate=1.874e+11/s elapsed=10.92h block_eta=0.27h
k=397 t=1  99.17%  idx=1.567130e+16/1.580183e+16 surv=0 checked=3.1473e+16 rate=1.873e+11/s elapsed=11.00h block_eta=0.19h
k=397 t=1  99.55%  idx=1.573096e+16/1.580183e+16 surv=0 checked=3.1533e+16 rate=1.874e+11/s elapsed=11.08h block_eta=0.11h
k=397 t=1  99.93%  idx=1.579030e+16/1.580183e+16 surv=0 checked=3.1592e+16 rate=1.875e+11/s elapsed=11.17h block_eta=0.02h
k=397 block t=1 complete: no survivor passed the referee; advancing
k=397 t=2   0.32%  idx=4.984524e+13/1.580183e+16 surv=0 checked=3.1653e+16 rate=1.876e+11/s elapsed=11.25h block_eta=23.32h
k=397 t=2   0.70%  idx=1.105933e+14/1.580183e+16 surv=0 checked=3.1714e+16 rate=1.877e+11/s elapsed=11.33h block_eta=23.22h
k=397 t=2   1.05%  idx=1.666297e+14/1.580183e+16 surv=0 checked=3.1770e+16 rate=1.877e+11/s elapsed=11.42h block_eta=23.14h
k=397 t=2   1.39%  idx=2.204285e+14/1.580183e+16 surv=0 checked=3.1824e+16 rate=1.876e+11/s elapsed=11.50h block_eta=23.07h
k=397 t=2   1.70%  idx=2.682744e+14/1.580183e+16 surv=0 checked=3.1872e+16 rate=1.874e+11/s elapsed=11.58h block_eta=23.02h
k=397 t=2   1.99%  idx=3.148619e+14/1.580183e+16 surv=0 checked=3.1919e+16 rate=1.872e+11/s elapsed=11.67h block_eta=22.98h
k=397 t=2   2.30%  idx=3.634648e+14/1.580183e+16 surv=0 checked=3.1967e+16 rate=1.870e+11/s elapsed=11.75h block_eta=22.93h
k=397 t=2   2.60%  idx=4.108523e+14/1.580183e+16 surv=0 checked=3.2015e+16 rate=1.868e+11/s elapsed=11.83h block_eta=22.88h
k=397 t=2   2.89%  idx=4.569824e+14/1.580183e+16 surv=0 checked=3.2061e+16 rate=1.866e+11/s elapsed=11.92h block_eta=22.84h
{"k": 397, "status": "TIMEOUT", "block": 2, "idx_done": 502459622793600, "block_audit": [{"t": 0, "residues_enumerated": 15801827328000000, "kernel_survivors": 1, "after_n_gt_k_plus_1": 0, "passed_ref_is_good": 0, "survivors_n": ["397"], "sha256_survivors": "1d2028ddcd746a7ee87dd0739d7435602b77d4908f96e27ebdad57b09aa27b69"}, {"t": 1, "residues_enumerated": 15801827328000000, "kernel_survivors": 0, "after_n_gt_k_plus_1": 0, "passed_ref_is_good": 0, "survivors_n": [], "sha256_survivors": "e3b0c44298fc1c149afbf4c8996fb92427ae41e4649b934ca495991b7852b855"}], "surv_hash_recipe": "sha256 of the UTF-8 bytes of '\\n'.join(decimal(n) for n in sorted(survivors)), no trailing newline; the empty list hashes to sha256(b'')", "unit_done": 20098384911744, "units_total": 632073093120000, "R": 15801827328000000, "residues_checked": 32106114278793600, "wall": 172797.82637691498, "wall_leg": 43199.42428445816, "restarts": 3, "checkpoint": "overnight/2026-09-07/checkpoints/k397_primary.json", "plan": {"k": 397, "wheel": [[211, 1], [3, 6], [139, 1], [83, 1], [2, 9], [59, 1], [103, 1], [137, 1], [37, 1], [29, 1], [101, 1], [13, 1], [31, 1], [67, 1], [5, 2], [7, 1], [19, 1], [199, 1]], "wheel_primes": [211, 3, 139, 83, 2, 59, 103, 137, 37, 29, 101, 13, 31, 67, 5, 7, 19, 199], "split_primes": [[211, 1, 2], [139, 1, 2], [83, 1, 2], [59, 1, 2], [103, 1, 2], [137, 1, 2], [37, 1, 2], [29, 1, 2], [101, 1, 2], [13, 1, 3], [31, 1, 2], [67, 1, 2], [5, 2, 4], [7, 1, 4], [19, 1, 3], [199, 1, 2]], "N_bits": 111, "M_bits": 111, "M": "1464631301166239631962950704345600", "N": "1464631301166239631962950704345600", "n_filters": 76, "residues_per_block": 15801827328000000, "density_wheel": 1.0788945528760382e-17, "density_rest": 3.666929417520566e-17, "expected_g": 2.527658796207059e+33, "E_g": 2.527658796207059e+33, "expected_blocks": 1.725798700460904, "N_over_E": 0.5794418547962361, "expected_residue_checks": 2.727077306757e+16, "expected_checks_true": 3.59304708226205e+16}, "engine_module": "gpu_sieve_v9", "engine_file": "sieve/gpu_sieve_v9.py", "engine_commit": "df0365a", "tag": "primary"}
# RESUME k=397 engine=gpu_sieve_v9 block t=2 residues_done=502459622793600/15801827328000000 (3.18%) survivors=0 restarts=4
k=397 t=2   3.47%  idx=5.490718e+14/1.580183e+16 surv=0 checked=3.2153e+16 rate=1.554e+11/s elapsed=0.08h block_eta=27.27h
k=397 t=2   3.78%  idx=5.968598e+14/1.580183e+16 surv=0 checked=3.2201e+16 rate=1.573e+11/s elapsed=0.17h block_eta=26.85h
k=397 t=2   4.08%  idx=6.440121e+14/1.580183e+16 surv=0 checked=3.2248e+16 rate=1.573e+11/s elapsed=0.25h block_eta=26.77h
k=397 t=2   4.37%  idx=6.906168e+14/1.580183e+16 surv=0 checked=3.2294e+16 rate=1.568e+11/s elapsed=0.33h block_eta=26.77h
k=397 t=2   4.67%  idx=7.374727e+14/1.580183e+16 surv=0 checked=3.2341e+16 rate=1.567e+11/s elapsed=0.42h block_eta=26.71h
k=397 t=2   4.97%  idx=7.848430e+14/1.580183e+16 surv=0 checked=3.2388e+16 rate=1.569e+11/s elapsed=0.50h block_eta=26.59h
k=397 t=2   5.26%  idx=8.318868e+14/1.580183e+16 surv=0 checked=3.2436e+16 rate=1.569e+11/s elapsed=0.58h block_eta=26.51h
k=397 t=2   5.58%  idx=8.824622e+14/1.580183e+16 surv=0 checked=3.2486e+16 rate=1.583e+11/s elapsed=0.67h block_eta=26.17h
k=397 t=2   5.88%  idx=9.290111e+14/1.580183e+16 surv=0 checked=3.2533e+16 rate=1.580e+11/s elapsed=0.75h block_eta=26.15h
k=397 t=2   6.17%  idx=9.743026e+14/1.580183e+16 surv=0 checked=3.2578e+16 rate=1.573e+11/s elapsed=0.83h block_eta=26.19h
k=397 t=2   6.47%  idx=1.022972e+15/1.580183e+16 surv=0 checked=3.2627e+16 rate=1.577e+11/s elapsed=0.92h block_eta=26.03h
k=397 t=2   6.78%  idx=1.071333e+15/1.580183e+16 surv=0 checked=3.2675e+16 rate=1.580e+11/s elapsed=1.00h block_eta=25.89h
k=397 t=2   7.07%  idx=1.117704e+15/1.580183e+16 surv=0 checked=3.2721e+16 rate=1.578e+11/s elapsed=1.08h block_eta=25.86h
k=397 t=2   7.37%  idx=1.164121e+15/1.580183e+16 surv=0 checked=3.2768e+16 rate=1.575e+11/s elapsed=1.17h block_eta=25.81h
k=397 t=2   7.66%  idx=1.211038e+15/1.580183e+16 surv=0 checked=3.2815e+16 rate=1.575e+11/s elapsed=1.25h block_eta=25.74h
k=397 t=2   7.97%  idx=1.260134e+15/1.580183e+16 surv=0 checked=3.2864e+16 rate=1.578e+11/s elapsed=1.33h block_eta=25.59h
k=397 t=2   8.28%  idx=1.308257e+15/1.580183e+16 surv=0 checked=3.2912e+16 rate=1.580e+11/s elapsed=1.42h block_eta=25.48h
k=397 t=2   8.58%  idx=1.355208e+15/1.580183e+16 surv=0 checked=3.2959e+16 rate=1.579e+11/s elapsed=1.50h block_eta=25.41h
k=397 t=2   8.88%  idx=1.403206e+15/1.580183e+16 surv=0 checked=3.3007e+16 rate=1.580e+11/s elapsed=1.58h block_eta=25.31h
k=397 t=2   9.18%  idx=1.450475e+15/1.580183e+16 surv=0 checked=3.3054e+16 rate=1.580e+11/s elapsed=1.67h block_eta=25.23h
k=397 t=2   9.48%  idx=1.497377e+15/1.580183e+16 surv=0 checked=3.3101e+16 rate=1.579e+11/s elapsed=1.75h block_eta=25.16h
k=397 t=2   9.78%  idx=1.545141e+15/1.580183e+16 surv=0 checked=3.3149e+16 rate=1.580e+11/s elapsed=1.83h block_eta=25.07h
k=397 t=2  10.07%  idx=1.591428e+15/1.580183e+16 surv=0 checked=3.3195e+16 rate=1.578e+11/s elapsed=1.92h block_eta=25.01h
k=397 t=2  10.37%  idx=1.638457e+15/1.580183e+16 surv=0 checked=3.3242e+16 rate=1.578e+11/s elapsed=2.00h block_eta=24.94h
k=397 t=2  10.66%  idx=1.685091e+15/1.580183e+16 surv=0 checked=3.3289e+16 rate=1.577e+11/s elapsed=2.08h block_eta=24.87h
k=397 t=2  10.97%  idx=1.733702e+15/1.580183e+16 surv=0 checked=3.3337e+16 rate=1.578e+11/s elapsed=2.17h block_eta=24.76h
k=397 t=2  11.28%  idx=1.782483e+15/1.580183e+16 surv=0 checked=3.3386e+16 rate=1.580e+11/s elapsed=2.25h block_eta=24.64h
k=397 t=2  11.57%  idx=1.828853e+15/1.580183e+16 surv=0 checked=3.3433e+16 rate=1.579e+11/s elapsed=2.33h block_eta=24.58h
k=397 t=2  11.88%  idx=1.877876e+15/1.580183e+16 surv=0 checked=3.3482e+16 rate=1.581e+11/s elapsed=2.42h block_eta=24.47h
k=397 t=2  12.20%  idx=1.927116e+15/1.580183e+16 surv=0 checked=3.3531e+16 rate=1.583e+11/s elapsed=2.50h block_eta=24.35h
k=397 t=2  12.50%  idx=1.975121e+15/1.580183e+16 surv=0 checked=3.3579e+16 rate=1.583e+11/s elapsed=2.58h block_eta=24.26h
k=397 t=2  12.80%  idx=2.022119e+15/1.580183e+16 surv=0 checked=3.3626e+16 rate=1.583e+11/s elapsed=2.67h block_eta=24.18h
k=397 t=2  13.09%  idx=2.068938e+15/1.580183e+16 surv=0 checked=3.3673e+16 rate=1.582e+11/s elapsed=2.75h block_eta=24.11h
k=397 t=2  13.40%  idx=2.116736e+15/1.580183e+16 surv=0 checked=3.3720e+16 rate=1.583e+11/s elapsed=2.83h block_eta=24.02h
k=397 t=2  13.69%  idx=2.162836e+15/1.580183e+16 surv=0 checked=3.3766e+16 rate=1.581e+11/s elapsed=2.92h block_eta=23.96h
k=397 t=2  13.98%  idx=2.209826e+15/1.580183e+16 surv=0 checked=3.3813e+16 rate=1.581e+11/s elapsed=3.00h block_eta=23.88h
k=397 t=2  14.28%  idx=2.256299e+15/1.580183e+16 surv=0 checked=3.3860e+16 rate=1.580e+11/s elapsed=3.08h block_eta=23.81h
k=397 t=2  14.58%  idx=2.303405e+15/1.580183e+16 surv=0 checked=3.3907e+16 rate=1.580e+11/s elapsed=3.17h block_eta=23.74h
k=397 t=2  14.87%  idx=2.349734e+15/1.580183e+16 surv=0 checked=3.3953e+16 rate=1.579e+11/s elapsed=3.25h block_eta=23.67h
k=397 t=2  15.17%  idx=2.397801e+15/1.580183e+16 surv=0 checked=3.4001e+16 rate=1.579e+11/s elapsed=3.33h block_eta=23.57h
k=397 t=2  15.48%  idx=2.446086e+15/1.580183e+16 surv=0 checked=3.4050e+16 rate=1.580e+11/s elapsed=3.42h block_eta=23.48h
k=397 t=2  15.78%  idx=2.493415e+15/1.580183e+16 surv=0 checked=3.4097e+16 rate=1.580e+11/s elapsed=3.50h block_eta=23.40h
k=397 t=2  16.08%  idx=2.540630e+15/1.580183e+16 surv=0 checked=3.4144e+16 rate=1.580e+11/s elapsed=3.58h block_eta=23.31h
k=397 t=2  16.41%  idx=2.592422e+15/1.580183e+16 surv=0 checked=3.4196e+16 rate=1.583e+11/s elapsed=3.67h block_eta=23.18h
k=397 t=2  16.72%  idx=2.642333e+15/1.580183e+16 surv=0 checked=3.4246e+16 rate=1.585e+11/s elapsed=3.75h block_eta=23.06h
k=397 t=2  17.02%  idx=2.689847e+15/1.580183e+16 surv=0 checked=3.4294e+16 rate=1.585e+11/s elapsed=3.83h block_eta=22.98h
k=397 t=2  17.33%  idx=2.737991e+15/1.580183e+16 surv=0 checked=3.4342e+16 rate=1.585e+11/s elapsed=3.92h block_eta=22.89h
k=397 t=2  17.62%  idx=2.784020e+15/1.580183e+16 surv=0 checked=3.4388e+16 rate=1.584e+11/s elapsed=4.00h block_eta=22.82h
k=397 t=2  17.92%  idx=2.831023e+15/1.580183e+16 surv=0 checked=3.4435e+16 rate=1.584e+11/s elapsed=4.08h block_eta=22.75h
k=397 t=2  18.22%  idx=2.879567e+15/1.580183e+16 surv=0 checked=3.4483e+16 rate=1.585e+11/s elapsed=4.17h block_eta=22.65h
k=397 t=2  18.52%  idx=2.926583e+15/1.580183e+16 surv=0 checked=3.4530e+16 rate=1.584e+11/s elapsed=4.25h block_eta=22.57h
k=397 t=2  18.82%  idx=2.973718e+15/1.580183e+16 surv=0 checked=3.4577e+16 rate=1.584e+11/s elapsed=4.33h block_eta=22.49h
k=397 t=2  19.12%  idx=3.020599e+15/1.580183e+16 surv=0 checked=3.4624e+16 rate=1.584e+11/s elapsed=4.42h block_eta=22.42h
k=397 t=2  19.41%  idx=3.067671e+15/1.580183e+16 surv=0 checked=3.4671e+16 rate=1.583e+11/s elapsed=4.50h block_eta=22.34h
k=397 t=2  19.72%  idx=3.116034e+15/1.580183e+16 surv=0 checked=3.4720e+16 rate=1.584e+11/s elapsed=4.58h block_eta=22.25h
k=397 t=2  20.02%  idx=3.163791e+15/1.580183e+16 surv=0 checked=3.4767e+16 rate=1.584e+11/s elapsed=4.67h block_eta=22.16h
k=397 t=2  20.31%  idx=3.209274e+15/1.580183e+16 surv=0 checked=3.4813e+16 rate=1.583e+11/s elapsed=4.75h block_eta=22.10h
k=397 t=2  20.60%  idx=3.255801e+15/1.580183e+16 surv=0 checked=3.4859e+16 rate=1.582e+11/s elapsed=4.83h block_eta=22.02h
k=397 t=2  20.90%  idx=3.303315e+15/1.580183e+16 surv=0 checked=3.4907e+16 rate=1.582e+11/s elapsed=4.92h block_eta=21.94h
k=397 t=2  21.19%  idx=3.348660e+15/1.580183e+16 surv=0 checked=3.4952e+16 rate=1.581e+11/s elapsed=5.00h block_eta=21.88h
k=397 t=2  21.49%  idx=3.395845e+15/1.580183e+16 surv=0 checked=3.4999e+16 rate=1.581e+11/s elapsed=5.08h block_eta=21.80h
k=397 t=2  21.79%  idx=3.442576e+15/1.580183e+16 surv=0 checked=3.5046e+16 rate=1.581e+11/s elapsed=5.17h block_eta=21.72h
k=397 t=2  22.09%  idx=3.490582e+15/1.580183e+16 surv=0 checked=3.5094e+16 rate=1.581e+11/s elapsed=5.25h block_eta=21.63h
k=397 t=2  22.38%  idx=3.536736e+15/1.580183e+16 surv=0 checked=3.5140e+16 rate=1.580e+11/s elapsed=5.33h block_eta=21.56h
k=397 t=2  22.69%  idx=3.584988e+15/1.580183e+16 surv=0 checked=3.5189e+16 rate=1.581e+11/s elapsed=5.42h block_eta=21.47h
k=397 t=2  22.98%  idx=3.631095e+15/1.580183e+16 surv=0 checked=3.5235e+16 rate=1.580e+11/s elapsed=5.50h block_eta=21.40h
k=397 t=2  23.28%  idx=3.677890e+15/1.580183e+16 surv=0 checked=3.5282e+16 rate=1.580e+11/s elapsed=5.58h block_eta=21.32h
k=397 t=2  23.57%  idx=3.725275e+15/1.580183e+16 surv=0 checked=3.5329e+16 rate=1.580e+11/s elapsed=5.67h block_eta=21.23h
k=397 t=2  23.88%  idx=3.772766e+15/1.580183e+16 surv=0 checked=3.5376e+16 rate=1.580e+11/s elapsed=5.75h block_eta=21.15h
k=397 t=2  24.19%  idx=3.822291e+15/1.580183e+16 surv=0 checked=3.5426e+16 rate=1.581e+11/s elapsed=5.83h block_eta=21.05h
k=397 t=2  24.48%  idx=3.867845e+15/1.580183e+16 surv=0 checked=3.5471e+16 rate=1.580e+11/s elapsed=5.92h block_eta=20.98h
k=397 t=2  24.79%  idx=3.916835e+15/1.580183e+16 surv=0 checked=3.5520e+16 rate=1.581e+11/s elapsed=6.00h block_eta=20.89h
k=397 t=2  25.08%  idx=3.963372e+15/1.580183e+16 surv=0 checked=3.5567e+16 rate=1.580e+11/s elapsed=6.08h block_eta=20.81h
k=397 t=2  25.38%  idx=4.009923e+15/1.580183e+16 surv=0 checked=3.5614e+16 rate=1.580e+11/s elapsed=6.17h block_eta=20.73h
k=397 t=2  25.69%  idx=4.059098e+15/1.580183e+16 surv=0 checked=3.5663e+16 rate=1.581e+11/s elapsed=6.25h block_eta=20.64h
k=397 t=2  25.99%  idx=4.106503e+15/1.580183e+16 surv=0 checked=3.5710e+16 rate=1.581e+11/s elapsed=6.33h block_eta=20.55h
k=397 t=2  26.28%  idx=4.153089e+15/1.580183e+16 surv=0 checked=3.5757e+16 rate=1.580e+11/s elapsed=6.42h block_eta=20.48h
k=397 t=2  26.60%  idx=4.202878e+15/1.580183e+16 surv=0 checked=3.5807e+16 rate=1.581e+11/s elapsed=6.50h block_eta=20.37h
k=397 t=2  26.89%  idx=4.249637e+15/1.580183e+16 surv=0 checked=3.5853e+16 rate=1.581e+11/s elapsed=6.58h block_eta=20.30h
k=397 t=2  27.19%  idx=4.296061e+15/1.580183e+16 surv=0 checked=3.5900e+16 rate=1.581e+11/s elapsed=6.67h block_eta=20.22h
k=397 t=2  27.48%  idx=4.342806e+15/1.580183e+16 surv=0 checked=3.5946e+16 rate=1.580e+11/s elapsed=6.75h block_eta=20.14h
k=397 t=2  27.78%  idx=4.390203e+15/1.580183e+16 surv=0 checked=3.5994e+16 rate=1.580e+11/s elapsed=6.83h block_eta=20.06h
k=397 t=2  28.08%  idx=4.437201e+15/1.580183e+16 surv=0 checked=3.6041e+16 rate=1.580e+11/s elapsed=6.92h block_eta=19.98h
k=397 t=2  28.38%  idx=4.484735e+15/1.580183e+16 surv=0 checked=3.6088e+16 rate=1.580e+11/s elapsed=7.00h block_eta=19.89h
k=397 t=2  28.68%  idx=4.531780e+15/1.580183e+16 surv=0 checked=3.6135e+16 rate=1.580e+11/s elapsed=7.08h block_eta=19.81h
k=397 t=2  28.99%  idx=4.580639e+15/1.580183e+16 surv=0 checked=3.6184e+16 rate=1.581e+11/s elapsed=7.17h block_eta=19.72h
k=397 t=2  29.29%  idx=4.628696e+15/1.580183e+16 surv=0 checked=3.6232e+16 rate=1.581e+11/s elapsed=7.25h block_eta=19.63h
k=397 t=2  29.60%  idx=4.676821e+15/1.580183e+16 surv=0 checked=3.6280e+16 rate=1.581e+11/s elapsed=7.33h block_eta=19.54h
k=397 t=2  29.89%  idx=4.723212e+15/1.580183e+16 surv=0 checked=3.6327e+16 rate=1.581e+11/s elapsed=7.42h block_eta=19.47h
k=397 t=2  30.19%  idx=4.770138e+15/1.580183e+16 surv=0 checked=3.6374e+16 rate=1.581e+11/s elapsed=7.50h block_eta=19.39h
k=397 t=2  30.48%  idx=4.816965e+15/1.580183e+16 surv=0 checked=3.6421e+16 rate=1.580e+11/s elapsed=7.58h block_eta=19.31h
k=397 t=2  30.78%  idx=4.864437e+15/1.580183e+16 surv=0 checked=3.6468e+16 rate=1.580e+11/s elapsed=7.67h block_eta=19.22h
k=397 t=2  31.08%  idx=4.911686e+15/1.580183e+16 surv=0 checked=3.6515e+16 rate=1.580e+11/s elapsed=7.75h block_eta=19.14h
k=397 t=2  31.38%  idx=4.958934e+15/1.580183e+16 surv=0 checked=3.6563e+16 rate=1.580e+11/s elapsed=7.83h block_eta=19.06h
k=397 t=2  31.69%  idx=5.007140e+15/1.580183e+16 surv=0 checked=3.6611e+16 rate=1.581e+11/s elapsed=7.92h block_eta=18.97h
k=397 t=2  31.98%  idx=5.053632e+15/1.580183e+16 surv=0 checked=3.6657e+16 rate=1.580e+11/s elapsed=8.00h block_eta=18.89h
k=397 t=2  32.29%  idx=5.102205e+15/1.580183e+16 surv=0 checked=3.6706e+16 rate=1.581e+11/s elapsed=8.08h block_eta=18.80h
k=397 t=2  32.58%  idx=5.147456e+15/1.580183e+16 surv=0 checked=3.6751e+16 rate=1.580e+11/s elapsed=8.17h block_eta=18.73h
k=397 t=2  32.86%  idx=5.193190e+15/1.580183e+16 surv=0 checked=3.6797e+16 rate=1.579e+11/s elapsed=8.25h block_eta=18.66h
k=397 t=2  33.15%  idx=5.238561e+15/1.580183e+16 surv=0 checked=3.6842e+16 rate=1.579e+11/s elapsed=8.33h block_eta=18.59h
k=397 t=2  33.44%  idx=5.283438e+15/1.580183e+16 surv=0 checked=3.6887e+16 rate=1.578e+11/s elapsed=8.42h block_eta=18.52h
k=397 t=2  33.73%  idx=5.329695e+15/1.580183e+16 surv=0 checked=3.6933e+16 rate=1.578e+11/s elapsed=8.50h block_eta=18.44h
k=397 t=2  34.04%  idx=5.378526e+15/1.580183e+16 surv=0 checked=3.6982e+16 rate=1.578e+11/s elapsed=8.58h block_eta=18.35h
k=397 t=2  34.39%  idx=5.434538e+15/1.580183e+16 surv=0 checked=3.7038e+16 rate=1.581e+11/s elapsed=8.67h block_eta=18.22h
k=397 t=2  34.75%  idx=5.491240e+15/1.580183e+16 surv=0 checked=3.7095e+16 rate=1.584e+11/s elapsed=8.75h block_eta=18.08h
k=397 t=2  35.32%  idx=5.581742e+15/1.580183e+16 surv=0 checked=3.7185e+16 rate=1.597e+11/s elapsed=8.83h block_eta=17.77h
k=397 t=2  35.92%  idx=5.675562e+15/1.580183e+16 surv=0 checked=3.7279e+16 rate=1.612e+11/s elapsed=8.92h block_eta=17.45h
k=397 t=2  36.51%  idx=5.769362e+15/1.580183e+16 surv=0 checked=3.7373e+16 rate=1.626e+11/s elapsed=9.00h block_eta=17.14h
k=397 t=2  37.10%  idx=5.863164e+15/1.580183e+16 surv=0 checked=3.7467e+16 rate=1.639e+11/s elapsed=9.08h block_eta=16.84h
k=397 t=2  37.70%  idx=5.956932e+15/1.580183e+16 surv=0 checked=3.7561e+16 rate=1.653e+11/s elapsed=9.17h block_eta=16.55h
k=397 t=2  38.29%  idx=6.050671e+15/1.580183e+16 surv=0 checked=3.7654e+16 rate=1.666e+11/s elapsed=9.25h block_eta=16.26h
k=397 t=2  38.88%  idx=6.144367e+15/1.580183e+16 surv=0 checked=3.7748e+16 rate=1.679e+11/s elapsed=9.33h block_eta=15.98h
k=397 t=2  39.48%  idx=6.238070e+15/1.580183e+16 surv=0 checked=3.7842e+16 rate=1.692e+11/s elapsed=9.42h block_eta=15.70h
k=397 t=2  40.07%  idx=6.331788e+15/1.580183e+16 surv=0 checked=3.7935e+16 rate=1.704e+11/s elapsed=9.50h block_eta=15.43h
k=397 t=2  40.66%  idx=6.425524e+15/1.580183e+16 surv=0 checked=3.8029e+16 rate=1.717e+11/s elapsed=9.58h block_eta=15.17h
k=397 t=2  41.26%  idx=6.519273e+15/1.580183e+16 surv=0 checked=3.8123e+16 rate=1.729e+11/s elapsed=9.67h block_eta=14.91h
k=397 t=2  41.85%  idx=6.613003e+15/1.580183e+16 surv=0 checked=3.8217e+16 rate=1.741e+11/s elapsed=9.75h block_eta=14.66h
k=397 t=2  42.44%  idx=6.706745e+15/1.580183e+16 surv=0 checked=3.8310e+16 rate=1.753e+11/s elapsed=9.83h block_eta=14.42h
k=397 t=2  43.04%  idx=6.800472e+15/1.580183e+16 surv=0 checked=3.8404e+16 rate=1.764e+11/s elapsed=9.92h block_eta=14.17h
k=397 t=2  43.63%  idx=6.894168e+15/1.580183e+16 surv=0 checked=3.8498e+16 rate=1.775e+11/s elapsed=10.00h block_eta=13.94h
k=397 t=2  44.22%  idx=6.987841e+15/1.580183e+16 surv=0 checked=3.8591e+16 rate=1.787e+11/s elapsed=10.08h block_eta=13.70h
k=397 t=2  44.81%  idx=7.081523e+15/1.580183e+16 surv=0 checked=3.8685e+16 rate=1.798e+11/s elapsed=10.17h block_eta=13.48h
k=397 t=2  45.41%  idx=7.175248e+15/1.580183e+16 surv=0 checked=3.8779e+16 rate=1.808e+11/s elapsed=10.25h block_eta=13.25h
k=397 t=2  46.00%  idx=7.268978e+15/1.580183e+16 surv=0 checked=3.8873e+16 rate=1.819e+11/s elapsed=10.33h block_eta=13.03h
k=397 t=2  46.59%  idx=7.362700e+15/1.580183e+16 surv=0 checked=3.8966e+16 rate=1.829e+11/s elapsed=10.42h block_eta=12.81h
k=397 t=2  47.19%  idx=7.456431e+15/1.580183e+16 surv=0 checked=3.9060e+16 rate=1.840e+11/s elapsed=10.50h block_eta=12.60h
k=397 t=2  47.78%  idx=7.550164e+15/1.580183e+16 surv=0 checked=3.9154e+16 rate=1.850e+11/s elapsed=10.58h block_eta=12.39h
k=397 t=2  48.37%  idx=7.643877e+15/1.580183e+16 surv=0 checked=3.9248e+16 rate=1.860e+11/s elapsed=10.67h block_eta=12.19h
k=397 t=2  48.97%  idx=7.737590e+15/1.580183e+16 surv=0 checked=3.9341e+16 rate=1.870e+11/s elapsed=10.75h block_eta=11.98h
k=397 t=2  49.56%  idx=7.831300e+15/1.580183e+16 surv=0 checked=3.9435e+16 rate=1.879e+11/s elapsed=10.83h block_eta=11.78h
k=397 t=2  50.15%  idx=7.925035e+15/1.580183e+16 surv=0 checked=3.9529e+16 rate=1.889e+11/s elapsed=10.92h block_eta=11.58h
k=397 t=2  50.75%  idx=8.018809e+15/1.580183e+16 surv=0 checked=3.9622e+16 rate=1.898e+11/s elapsed=11.00h block_eta=11.39h
k=397 t=2  51.34%  idx=8.112556e+15/1.580183e+16 surv=0 checked=3.9716e+16 rate=1.907e+11/s elapsed=11.08h block_eta=11.20h
k=397 t=2  51.93%  idx=8.206329e+15/1.580183e+16 surv=0 checked=3.9810e+16 rate=1.916e+11/s elapsed=11.17h block_eta=11.01h
k=397 t=2  52.53%  idx=8.300055e+15/1.580183e+16 surv=0 checked=3.9904e+16 rate=1.925e+11/s elapsed=11.25h block_eta=10.82h
k=397 t=2  53.12%  idx=8.393723e+15/1.580183e+16 surv=0 checked=3.9997e+16 rate=1.934e+11/s elapsed=11.33h block_eta=10.64h
k=397 t=2  53.71%  idx=8.487407e+15/1.580183e+16 surv=0 checked=4.0091e+16 rate=1.943e+11/s elapsed=11.42h block_eta=10.46h
k=397 t=2  54.30%  idx=8.581101e+15/1.580183e+16 surv=0 checked=4.0185e+16 rate=1.951e+11/s elapsed=11.50h block_eta=10.28h
k=397 t=2  54.90%  idx=8.674806e+15/1.580183e+16 surv=0 checked=4.0278e+16 rate=1.960e+11/s elapsed=11.58h block_eta=10.10h
k=397 t=2  55.49%  idx=8.768485e+15/1.580183e+16 surv=0 checked=4.0372e+16 rate=1.968e+11/s elapsed=11.67h block_eta=9.93h
k=397 t=2  56.08%  idx=8.862163e+15/1.580183e+16 surv=0 checked=4.0466e+16 rate=1.976e+11/s elapsed=11.75h block_eta=9.75h
k=397 t=2  56.68%  idx=8.955875e+15/1.580183e+16 surv=0 checked=4.0560e+16 rate=1.984e+11/s elapsed=11.83h block_eta=9.58h
k=397 t=2  57.27%  idx=9.049586e+15/1.580183e+16 surv=0 checked=4.0653e+16 rate=1.992e+11/s elapsed=11.92h block_eta=9.41h
{"k": 397, "status": "TIMEOUT", "block": 2, "idx_done": 9143031686081600, "block_audit": [{"t": 0, "residues_enumerated": 15801827328000000, "kernel_survivors": 1, "after_n_gt_k_plus_1": 0, "passed_ref_is_good": 0, "survivors_n": ["397"], "sha256_survivors": "1d2028ddcd746a7ee87dd0739d7435602b77d4908f96e27ebdad57b09aa27b69"}, {"t": 1, "residues_enumerated": 15801827328000000, "kernel_survivors": 0, "after_n_gt_k_plus_1": 0, "passed_ref_is_good": 0, "survivors_n": [], "sha256_survivors": "e3b0c44298fc1c149afbf4c8996fb92427ae41e4649b934ca495991b7852b855"}], "surv_hash_recipe": "sha256 of the UTF-8 bytes of '\\n'.join(decimal(n) for n in sorted(survivors)), no trailing newline; the empty list hashes to sha256(b'')", "unit_done": 365721267443264, "units_total": 632073093120000, "R": 15801827328000000, "residues_checked": 40746686342081600, "wall": 215997.19381427765, "wall_leg": 43199.36761903763, "restarts": 4, "checkpoint": "overnight/2026-09-07/checkpoints/k397_primary.json", "plan": {"k": 397, "wheel": [[211, 1], [3, 6], [139, 1], [83, 1], [2, 9], [59, 1], [103, 1], [137, 1], [37, 1], [29, 1], [101, 1], [13, 1], [31, 1], [67, 1], [5, 2], [7, 1], [19, 1], [199, 1]], "wheel_primes": [211, 3, 139, 83, 2, 59, 103, 137, 37, 29, 101, 13, 31, 67, 5, 7, 19, 199], "split_primes": [[211, 1, 2], [139, 1, 2], [83, 1, 2], [59, 1, 2], [103, 1, 2], [137, 1, 2], [37, 1, 2], [29, 1, 2], [101, 1, 2], [13, 1, 3], [31, 1, 2], [67, 1, 2], [5, 2, 4], [7, 1, 4], [19, 1, 3], [199, 1, 2]], "N_bits": 111, "M_bits": 111, "M": "1464631301166239631962950704345600", "N": "1464631301166239631962950704345600", "n_filters": 76, "residues_per_block": 15801827328000000, "density_wheel": 1.0788945528760382e-17, "density_rest": 3.666929417520566e-17, "expected_g": 2.527658796207059e+33, "E_g": 2.527658796207059e+33, "expected_blocks": 1.725798700460904, "N_over_E": 0.5794418547962361, "expected_residue_checks": 2.727077306757e+16, "expected_checks_true": 3.59304708226205e+16}, "engine_module": "gpu_sieve_v9", "engine_file": "sieve/gpu_sieve_v9.py", "engine_commit": "df0365a", "tag": "primary"}
# RESUME k=397 engine=gpu_sieve_v9 block t=2 residues_done=9143031686081600/15801827328000000 (57.86%) survivors=0 restarts=5
k=397 t=2  58.46%  idx=9.237522e+15/1.580183e+16 surv=0 checked=4.0841e+16 rate=3.150e+11/s elapsed=0.08h block_eta=5.79h
k=397 t=2  59.05%  idx=9.331153e+15/1.580183e+16 surv=0 checked=4.0935e+16 rate=3.135e+11/s elapsed=0.17h block_eta=5.73h
k=397 t=2  59.59%  idx=9.416647e+15/1.580183e+16 surv=0 checked=4.1020e+16 rate=3.040e+11/s elapsed=0.25h block_eta=5.83h
k=397 t=2  59.89%  idx=9.463627e+15/1.580183e+16 surv=0 checked=4.1067e+16 rate=2.672e+11/s elapsed=0.33h block_eta=6.59h
k=397 t=2  60.19%  idx=9.511353e+15/1.580183e+16 surv=0 checked=4.1115e+16 rate=2.455e+11/s elapsed=0.42h block_eta=7.12h
k=397 t=2  60.49%  idx=9.558549e+15/1.580183e+16 surv=0 checked=4.1162e+16 rate=2.308e+11/s elapsed=0.50h block_eta=7.51h
k=397 t=2  60.79%  idx=9.605618e+15/1.580183e+16 surv=0 checked=4.1209e+16 rate=2.203e+11/s elapsed=0.58h block_eta=7.81h
k=397 t=2  61.08%  idx=9.652416e+15/1.580183e+16 surv=0 checked=4.1256e+16 rate=2.122e+11/s elapsed=0.67h block_eta=8.05h
k=397 t=2  61.38%  idx=9.699637e+15/1.580183e+16 surv=0 checked=4.1303e+16 rate=2.061e+11/s elapsed=0.75h block_eta=8.22h
k=397 t=2  61.68%  idx=9.746846e+15/1.580183e+16 surv=0 checked=4.1351e+16 rate=2.013e+11/s elapsed=0.83h block_eta=8.36h
k=397 t=2  61.99%  idx=9.794940e+15/1.580183e+16 surv=0 checked=4.1399e+16 rate=1.975e+11/s elapsed=0.92h block_eta=8.45h
k=397 t=2  62.30%  idx=9.844042e+15/1.580183e+16 surv=0 checked=4.1448e+16 rate=1.947e+11/s elapsed=1.00h block_eta=8.50h
k=397 t=2  62.62%  idx=9.895568e+15/1.580183e+16 surv=0 checked=4.1499e+16 rate=1.930e+11/s elapsed=1.08h block_eta=8.50h
k=397 t=2  62.92%  idx=9.943259e+15/1.580183e+16 surv=0 checked=4.1547e+16 rate=1.905e+11/s elapsed=1.17h block_eta=8.54h
k=397 t=2  63.22%  idx=9.990021e+15/1.580183e+16 surv=0 checked=4.1594e+16 rate=1.882e+11/s elapsed=1.25h block_eta=8.58h
k=397 t=2  63.52%  idx=1.003696e+16/1.580183e+16 surv=0 checked=4.1641e+16 rate=1.862e+11/s elapsed=1.33h block_eta=8.60h
k=397 t=2  63.84%  idx=1.008786e+16/1.580183e+16 surv=0 checked=4.1692e+16 rate=1.853e+11/s elapsed=1.42h block_eta=8.57h
k=397 t=2  64.13%  idx=1.013375e+16/1.580183e+16 surv=0 checked=4.1737e+16 rate=1.835e+11/s elapsed=1.50h block_eta=8.58h
k=397 t=2  64.44%  idx=1.018236e+16/1.580183e+16 surv=0 checked=4.1786e+16 rate=1.823e+11/s elapsed=1.58h block_eta=8.56h
k=397 t=2  64.74%  idx=1.022982e+16/1.580183e+16 surv=0 checked=4.1833e+16 rate=1.811e+11/s elapsed=1.67h block_eta=8.55h
k=397 t=2  65.03%  idx=1.027613e+16/1.580183e+16 surv=0 checked=4.1880e+16 rate=1.799e+11/s elapsed=1.75h block_eta=8.53h
k=397 t=2  65.33%  idx=1.032400e+16/1.580183e+16 surv=0 checked=4.1928e+16 rate=1.789e+11/s elapsed=1.83h block_eta=8.50h
k=397 t=2  65.63%  idx=1.037114e+16/1.580183e+16 surv=0 checked=4.1975e+16 rate=1.780e+11/s elapsed=1.92h block_eta=8.48h
k=397 t=2  65.95%  idx=1.042088e+16/1.580183e+16 surv=0 checked=4.2025e+16 rate=1.775e+11/s elapsed=2.00h block_eta=8.42h
k=397 t=2  66.25%  idx=1.046793e+16/1.580183e+16 surv=0 checked=4.2072e+16 rate=1.767e+11/s elapsed=2.08h block_eta=8.39h
k=397 t=2  66.55%  idx=1.051550e+16/1.580183e+16 surv=0 checked=4.2119e+16 rate=1.760e+11/s elapsed=2.17h block_eta=8.35h
k=397 t=2  66.85%  idx=1.056371e+16/1.580183e+16 surv=0 checked=4.2167e+16 rate=1.754e+11/s elapsed=2.25h block_eta=8.30h
k=397 t=2  67.16%  idx=1.061226e+16/1.580183e+16 surv=0 checked=4.2216e+16 rate=1.749e+11/s elapsed=2.33h block_eta=8.24h
k=397 t=2  67.48%  idx=1.066232e+16/1.580183e+16 surv=0 checked=4.2266e+16 rate=1.746e+11/s elapsed=2.42h block_eta=8.18h
k=397 t=2  67.77%  idx=1.070945e+16/1.580183e+16 surv=0 checked=4.2313e+16 rate=1.740e+11/s elapsed=2.50h block_eta=8.13h
k=397 t=2  68.07%  idx=1.075643e+16/1.580183e+16 surv=0 checked=4.2360e+16 rate=1.735e+11/s elapsed=2.58h block_eta=8.08h
k=397 t=2  68.36%  idx=1.080284e+16/1.580183e+16 surv=0 checked=4.2406e+16 rate=1.729e+11/s elapsed=2.67h block_eta=8.03h
k=397 t=2  68.66%  idx=1.084956e+16/1.580183e+16 surv=0 checked=4.2453e+16 rate=1.724e+11/s elapsed=2.75h block_eta=7.98h
k=397 t=2  68.95%  idx=1.089502e+16/1.580183e+16 surv=0 checked=4.2499e+16 rate=1.718e+11/s elapsed=2.83h block_eta=7.94h
k=397 t=2  69.24%  idx=1.094093e+16/1.580183e+16 surv=0 checked=4.2545e+16 rate=1.712e+11/s elapsed=2.92h block_eta=7.89h
k=397 t=2  69.54%  idx=1.098913e+16/1.580183e+16 surv=0 checked=4.2593e+16 rate=1.709e+11/s elapsed=3.00h block_eta=7.82h
k=397 t=2  69.84%  idx=1.103576e+16/1.580183e+16 surv=0 checked=4.2639e+16 rate=1.705e+11/s elapsed=3.08h block_eta=7.76h
k=397 t=2  70.14%  idx=1.108311e+16/1.580183e+16 surv=0 checked=4.2687e+16 rate=1.702e+11/s elapsed=3.17h block_eta=7.70h
k=397 t=2  70.44%  idx=1.113087e+16/1.580183e+16 surv=0 checked=4.2735e+16 rate=1.699e+11/s elapsed=3.25h block_eta=7.64h
k=397 t=2  70.75%  idx=1.117992e+16/1.580183e+16 surv=0 checked=4.2784e+16 rate=1.697e+11/s elapsed=3.33h block_eta=7.56h
k=397 t=2  71.05%  idx=1.122654e+16/1.580183e+16 surv=0 checked=4.2830e+16 rate=1.694e+11/s elapsed=3.42h block_eta=7.50h
k=397 t=2  71.34%  idx=1.127248e+16/1.580183e+16 surv=0 checked=4.2876e+16 rate=1.690e+11/s elapsed=3.50h block_eta=7.44h
k=397 t=2  71.63%  idx=1.131934e+16/1.580183e+16 surv=0 checked=4.2923e+16 rate=1.687e+11/s elapsed=3.58h block_eta=7.38h
k=397 t=2  71.93%  idx=1.136643e+16/1.580183e+16 surv=0 checked=4.2970e+16 rate=1.684e+11/s elapsed=3.67h block_eta=7.31h
k=397 t=2  72.23%  idx=1.141331e+16/1.580183e+16 surv=0 checked=4.3017e+16 rate=1.682e+11/s elapsed=3.75h block_eta=7.25h
k=397 t=2  72.52%  idx=1.145997e+16/1.580183e+16 surv=0 checked=4.3064e+16 rate=1.679e+11/s elapsed=3.83h block_eta=7.18h
k=397 t=2  72.85%  idx=1.151088e+16/1.580183e+16 surv=0 checked=4.3115e+16 rate=1.679e+11/s elapsed=3.92h block_eta=7.10h
k=397 t=2  73.14%  idx=1.155755e+16/1.580183e+16 surv=0 checked=4.3161e+16 rate=1.677e+11/s elapsed=4.00h block_eta=7.03h
k=397 t=2  73.52%  idx=1.161822e+16/1.580183e+16 surv=0 checked=4.3222e+16 rate=1.684e+11/s elapsed=4.08h block_eta=6.90h

### RESUME by monitor 2026-09-10T22:24:12Z: rig was down ~12h (tmux died); resuming block t=2 @73.6%
# RESUME k=397 engine=gpu_sieve_v9 block t=2 residues_done=11636991363847400/15801827328000000 (73.64%) survivors=0 restarts=6
k=397 t=2  73.78%  idx=1.165802e+16/1.580183e+16 surv=0 checked=4.3262e+16 rate=3.505e+11/s elapsed=0.02h block_eta=3.28h
k=397 t=2  73.91%  idx=1.167856e+16/1.580183e+16 surv=0 checked=4.3282e+16 rate=3.464e+11/s elapsed=0.03h block_eta=3.31h
k=397 t=2  74.03%  idx=1.169887e+16/1.580183e+16 surv=0 checked=4.3303e+16 rate=3.437e+11/s elapsed=0.05h block_eta=3.32h
k=397 t=2  74.16%  idx=1.171912e+16/1.580183e+16 surv=0 checked=4.3323e+16 rate=3.422e+11/s elapsed=0.07h block_eta=3.31h
k=397 t=2  74.29%  idx=1.173936e+16/1.580183e+16 surv=0 checked=4.3343e+16 rate=3.412e+11/s elapsed=0.08h block_eta=3.31h
k=397 t=2  74.42%  idx=1.175961e+16/1.580183e+16 surv=0 checked=4.3363e+16 rate=3.406e+11/s elapsed=0.10h block_eta=3.30h
k=397 t=2  74.55%  idx=1.177984e+16/1.580183e+16 surv=0 checked=4.3383e+16 rate=3.401e+11/s elapsed=0.12h block_eta=3.28h
k=397 t=2  74.68%  idx=1.180008e+16/1.580183e+16 surv=0 checked=4.3404e+16 rate=3.398e+11/s elapsed=0.13h block_eta=3.27h
k=397 t=2  74.80%  idx=1.182031e+16/1.580183e+16 surv=0 checked=4.3424e+16 rate=3.395e+11/s elapsed=0.15h block_eta=3.26h
k=397 t=2  74.93%  idx=1.184054e+16/1.580183e+16 surv=0 checked=4.3444e+16 rate=3.392e+11/s elapsed=0.17h block_eta=3.24h
k=397 t=2  75.06%  idx=1.186077e+16/1.580183e+16 surv=0 checked=4.3464e+16 rate=3.390e+11/s elapsed=0.18h block_eta=3.23h
k=397 t=2  75.19%  idx=1.188098e+16/1.580183e+16 surv=0 checked=4.3485e+16 rate=3.389e+11/s elapsed=0.20h block_eta=3.21h
k=397 t=2  75.32%  idx=1.190121e+16/1.580183e+16 surv=0 checked=4.3505e+16 rate=3.387e+11/s elapsed=0.22h block_eta=3.20h
k=397 t=2  75.44%  idx=1.192145e+16/1.580183e+16 surv=0 checked=4.3525e+16 rate=3.386e+11/s elapsed=0.23h block_eta=3.18h
k=397 t=2  75.57%  idx=1.194169e+16/1.580183e+16 surv=0 checked=4.3545e+16 rate=3.385e+11/s elapsed=0.25h block_eta=3.17h
k=397 t=2  75.70%  idx=1.196198e+16/1.580183e+16 surv=0 checked=4.3566e+16 rate=3.385e+11/s elapsed=0.27h block_eta=3.15h
k=397 t=2  75.83%  idx=1.198226e+16/1.580183e+16 surv=0 checked=4.3586e+16 rate=3.385e+11/s elapsed=0.28h block_eta=3.13h
k=397 t=2  75.96%  idx=1.200253e+16/1.580183e+16 surv=0 checked=4.3606e+16 rate=3.385e+11/s elapsed=0.30h block_eta=3.12h
k=397 t=2  76.08%  idx=1.202279e+16/1.580183e+16 surv=0 checked=4.3626e+16 rate=3.384e+11/s elapsed=0.32h block_eta=3.10h
k=397 t=2  76.21%  idx=1.204306e+16/1.580183e+16 surv=0 checked=4.3647e+16 rate=3.384e+11/s elapsed=0.33h block_eta=3.09h
k=397 t=2  76.34%  idx=1.206332e+16/1.580183e+16 surv=0 checked=4.3667e+16 rate=3.383e+11/s elapsed=0.35h block_eta=3.07h
k=397 t=2  76.47%  idx=1.208359e+16/1.580183e+16 surv=0 checked=4.3687e+16 rate=3.383e+11/s elapsed=0.37h block_eta=3.05h
k=397 t=2  76.60%  idx=1.210387e+16/1.580183e+16 surv=0 checked=4.3708e+16 rate=3.383e+11/s elapsed=0.38h block_eta=3.04h
k=397 t=2  76.73%  idx=1.212413e+16/1.580183e+16 surv=0 checked=4.3728e+16 rate=3.383e+11/s elapsed=0.40h block_eta=3.02h
k=397 t=2  76.85%  idx=1.214439e+16/1.580183e+16 surv=0 checked=4.3748e+16 rate=3.383e+11/s elapsed=0.42h block_eta=3.00h
k=397 t=2  76.98%  idx=1.216465e+16/1.580183e+16 surv=0 checked=4.3768e+16 rate=3.382e+11/s elapsed=0.43h block_eta=2.99h
k=397 t=2  77.11%  idx=1.218491e+16/1.580183e+16 surv=0 checked=4.3789e+16 rate=3.382e+11/s elapsed=0.45h block_eta=2.97h
k=397 t=2  77.24%  idx=1.220518e+16/1.580183e+16 surv=0 checked=4.3809e+16 rate=3.382e+11/s elapsed=0.47h block_eta=2.95h
k=397 t=2  77.37%  idx=1.222545e+16/1.580183e+16 surv=0 checked=4.3829e+16 rate=3.382e+11/s elapsed=0.48h block_eta=2.94h
k=397 t=2  77.50%  idx=1.224574e+16/1.580183e+16 surv=0 checked=4.3849e+16 rate=3.382e+11/s elapsed=0.50h block_eta=2.92h
k=397 t=2  77.62%  idx=1.226600e+16/1.580183e+16 surv=0 checked=4.3870e+16 rate=3.382e+11/s elapsed=0.52h block_eta=2.90h
k=397 t=2  77.75%  idx=1.228627e+16/1.580183e+16 surv=0 checked=4.3890e+16 rate=3.382e+11/s elapsed=0.53h block_eta=2.89h
k=397 t=2  77.88%  idx=1.230653e+16/1.580183e+16 surv=0 checked=4.3910e+16 rate=3.381e+11/s elapsed=0.55h block_eta=2.87h
k=397 t=2  78.01%  idx=1.232681e+16/1.580183e+16 surv=0 checked=4.3930e+16 rate=3.381e+11/s elapsed=0.57h block_eta=2.85h
k=397 t=2  78.14%  idx=1.234708e+16/1.580183e+16 surv=0 checked=4.3951e+16 rate=3.381e+11/s elapsed=0.58h block_eta=2.84h
k=397 t=2  78.27%  idx=1.236735e+16/1.580183e+16 surv=0 checked=4.3971e+16 rate=3.381e+11/s elapsed=0.60h block_eta=2.82h
k=397 t=2  78.39%  idx=1.238763e+16/1.580183e+16 surv=0 checked=4.3991e+16 rate=3.381e+11/s elapsed=0.62h block_eta=2.80h
k=397 t=2  78.52%  idx=1.240790e+16/1.580183e+16 surv=0 checked=4.4012e+16 rate=3.381e+11/s elapsed=0.63h block_eta=2.79h
k=397 t=2  78.65%  idx=1.242818e+16/1.580183e+16 surv=0 checked=4.4032e+16 rate=3.381e+11/s elapsed=0.65h block_eta=2.77h
k=397 t=2  78.78%  idx=1.244847e+16/1.580183e+16 surv=0 checked=4.4052e+16 rate=3.381e+11/s elapsed=0.67h block_eta=2.76h
k=397 t=2  78.91%  idx=1.246873e+16/1.580183e+16 surv=0 checked=4.4072e+16 rate=3.381e+11/s elapsed=0.68h block_eta=2.74h
k=397 t=2  79.04%  idx=1.248902e+16/1.580183e+16 surv=0 checked=4.4093e+16 rate=3.381e+11/s elapsed=0.70h block_eta=2.72h
k=397 t=2  79.16%  idx=1.250928e+16/1.580183e+16 surv=0 checked=4.4113e+16 rate=3.381e+11/s elapsed=0.72h block_eta=2.71h
k=397 t=2  79.29%  idx=1.252955e+16/1.580183e+16 surv=0 checked=4.4133e+16 rate=3.381e+11/s elapsed=0.73h block_eta=2.69h
k=397 t=2  79.42%  idx=1.254982e+16/1.580183e+16 surv=0 checked=4.4153e+16 rate=3.381e+11/s elapsed=0.75h block_eta=2.67h
k=397 t=2  79.55%  idx=1.257008e+16/1.580183e+16 surv=0 checked=4.4174e+16 rate=3.381e+11/s elapsed=0.77h block_eta=2.66h
k=397 t=2  79.68%  idx=1.259033e+16/1.580183e+16 surv=0 checked=4.4194e+16 rate=3.381e+11/s elapsed=0.78h block_eta=2.64h
k=397 t=2  79.80%  idx=1.261059e+16/1.580183e+16 surv=0 checked=4.4214e+16 rate=3.380e+11/s elapsed=0.80h block_eta=2.62h
k=397 t=2  79.93%  idx=1.263084e+16/1.580183e+16 surv=0 checked=4.4234e+16 rate=3.380e+11/s elapsed=0.82h block_eta=2.61h
k=397 t=2  80.06%  idx=1.265110e+16/1.580183e+16 surv=0 checked=4.4255e+16 rate=3.380e+11/s elapsed=0.83h block_eta=2.59h
k=397 t=2  80.19%  idx=1.267135e+16/1.580183e+16 surv=0 checked=4.4275e+16 rate=3.380e+11/s elapsed=0.85h block_eta=2.57h
k=397 t=2  80.32%  idx=1.269160e+16/1.580183e+16 surv=0 checked=4.4295e+16 rate=3.380e+11/s elapsed=0.87h block_eta=2.56h
k=397 t=2  80.45%  idx=1.271185e+16/1.580183e+16 surv=0 checked=4.4316e+16 rate=3.380e+11/s elapsed=0.88h block_eta=2.54h
k=397 t=2  80.57%  idx=1.273210e+16/1.580183e+16 surv=0 checked=4.4336e+16 rate=3.380e+11/s elapsed=0.90h block_eta=2.52h
k=397 t=2  80.70%  idx=1.275235e+16/1.580183e+16 surv=0 checked=4.4356e+16 rate=3.380e+11/s elapsed=0.92h block_eta=2.51h
k=397 t=2  80.83%  idx=1.277261e+16/1.580183e+16 surv=0 checked=4.4376e+16 rate=3.380e+11/s elapsed=0.93h block_eta=2.49h
k=397 t=2  80.96%  idx=1.279286e+16/1.580183e+16 surv=0 checked=4.4397e+16 rate=3.380e+11/s elapsed=0.95h block_eta=2.47h
k=397 t=2  81.09%  idx=1.281311e+16/1.580183e+16 surv=0 checked=4.4417e+16 rate=3.380e+11/s elapsed=0.97h block_eta=2.46h
k=397 t=2  81.21%  idx=1.283335e+16/1.580183e+16 surv=0 checked=4.4437e+16 rate=3.379e+11/s elapsed=0.98h block_eta=2.44h
k=397 t=2  81.34%  idx=1.285359e+16/1.580183e+16 surv=0 checked=4.4457e+16 rate=3.379e+11/s elapsed=1.00h block_eta=2.42h
k=397 t=2  81.47%  idx=1.287384e+16/1.580183e+16 surv=0 checked=4.4477e+16 rate=3.379e+11/s elapsed=1.02h block_eta=2.41h
k=397 t=2  81.60%  idx=1.289410e+16/1.580183e+16 surv=0 checked=4.4498e+16 rate=3.379e+11/s elapsed=1.03h block_eta=2.39h
k=397 t=2  81.73%  idx=1.291435e+16/1.580183e+16 surv=0 checked=4.4518e+16 rate=3.379e+11/s elapsed=1.05h block_eta=2.37h
k=397 t=2  81.86%  idx=1.293459e+16/1.580183e+16 surv=0 checked=4.4538e+16 rate=3.379e+11/s elapsed=1.07h block_eta=2.36h
k=397 t=2  81.98%  idx=1.295486e+16/1.580183e+16 surv=0 checked=4.4559e+16 rate=3.379e+11/s elapsed=1.08h block_eta=2.34h
k=397 t=2  82.11%  idx=1.297512e+16/1.580183e+16 surv=0 checked=4.4579e+16 rate=3.379e+11/s elapsed=1.10h block_eta=2.32h
k=397 t=2  82.24%  idx=1.299539e+16/1.580183e+16 surv=0 checked=4.4599e+16 rate=3.379e+11/s elapsed=1.12h block_eta=2.31h
k=397 t=2  82.37%  idx=1.301566e+16/1.580183e+16 surv=0 checked=4.4619e+16 rate=3.379e+11/s elapsed=1.13h block_eta=2.29h
k=397 t=2  82.50%  idx=1.303594e+16/1.580183e+16 surv=0 checked=4.4640e+16 rate=3.379e+11/s elapsed=1.15h block_eta=2.27h
k=397 t=2  82.62%  idx=1.305622e+16/1.580183e+16 surv=0 checked=4.4660e+16 rate=3.379e+11/s elapsed=1.17h block_eta=2.26h
k=397 t=2  82.75%  idx=1.307649e+16/1.580183e+16 surv=0 checked=4.4680e+16 rate=3.379e+11/s elapsed=1.18h block_eta=2.24h
k=397 t=2  82.88%  idx=1.309676e+16/1.580183e+16 surv=0 checked=4.4700e+16 rate=3.379e+11/s elapsed=1.20h block_eta=2.22h
k=397 t=2  83.01%  idx=1.311702e+16/1.580183e+16 surv=0 checked=4.4721e+16 rate=3.379e+11/s elapsed=1.22h block_eta=2.21h
k=397 t=2  83.14%  idx=1.313729e+16/1.580183e+16 surv=0 checked=4.4741e+16 rate=3.379e+11/s elapsed=1.23h block_eta=2.19h
k=397 t=2  83.27%  idx=1.315756e+16/1.580183e+16 surv=0 checked=4.4761e+16 rate=3.379e+11/s elapsed=1.25h block_eta=2.17h
k=397 t=2  83.39%  idx=1.317783e+16/1.580183e+16 surv=0 checked=4.4781e+16 rate=3.379e+11/s elapsed=1.27h block_eta=2.16h
k=397 t=2  83.52%  idx=1.319811e+16/1.580183e+16 surv=0 checked=4.4802e+16 rate=3.379e+11/s elapsed=1.28h block_eta=2.14h
k=397 t=2  83.65%  idx=1.321838e+16/1.580183e+16 surv=0 checked=4.4822e+16 rate=3.379e+11/s elapsed=1.30h block_eta=2.12h
k=397 t=2  83.78%  idx=1.323865e+16/1.580183e+16 surv=0 checked=4.4842e+16 rate=3.379e+11/s elapsed=1.32h block_eta=2.11h
k=397 t=2  83.91%  idx=1.325894e+16/1.580183e+16 surv=0 checked=4.4863e+16 rate=3.379e+11/s elapsed=1.33h block_eta=2.09h
k=397 t=2  84.04%  idx=1.327923e+16/1.580183e+16 surv=0 checked=4.4883e+16 rate=3.379e+11/s elapsed=1.35h block_eta=2.07h
k=397 t=2  84.16%  idx=1.329952e+16/1.580183e+16 surv=0 checked=4.4903e+16 rate=3.379e+11/s elapsed=1.37h block_eta=2.06h
k=397 t=2  84.29%  idx=1.331979e+16/1.580183e+16 surv=0 checked=4.4923e+16 rate=3.379e+11/s elapsed=1.38h block_eta=2.04h
k=397 t=2  84.42%  idx=1.334007e+16/1.580183e+16 surv=0 checked=4.4944e+16 rate=3.379e+11/s elapsed=1.40h block_eta=2.02h
k=397 t=2  84.55%  idx=1.336035e+16/1.580183e+16 surv=0 checked=4.4964e+16 rate=3.379e+11/s elapsed=1.42h block_eta=2.01h
k=397 t=2  84.68%  idx=1.338063e+16/1.580183e+16 surv=0 checked=4.4984e+16 rate=3.379e+11/s elapsed=1.43h block_eta=1.99h
k=397 t=2  84.81%  idx=1.340090e+16/1.580183e+16 surv=0 checked=4.5005e+16 rate=3.379e+11/s elapsed=1.45h block_eta=1.97h
k=397 t=2  84.93%  idx=1.342118e+16/1.580183e+16 surv=0 checked=4.5025e+16 rate=3.379e+11/s elapsed=1.47h block_eta=1.96h
k=397 t=2  85.06%  idx=1.344145e+16/1.580183e+16 surv=0 checked=4.5045e+16 rate=3.379e+11/s elapsed=1.48h block_eta=1.94h
k=397 t=2  85.19%  idx=1.346172e+16/1.580183e+16 surv=0 checked=4.5065e+16 rate=3.379e+11/s elapsed=1.50h block_eta=1.92h
k=397 t=2  85.32%  idx=1.348199e+16/1.580183e+16 surv=0 checked=4.5086e+16 rate=3.379e+11/s elapsed=1.52h block_eta=1.91h
k=397 t=2  85.45%  idx=1.350226e+16/1.580183e+16 surv=0 checked=4.5106e+16 rate=3.379e+11/s elapsed=1.53h block_eta=1.89h
k=397 t=2  85.58%  idx=1.352253e+16/1.580183e+16 surv=0 checked=4.5126e+16 rate=3.379e+11/s elapsed=1.55h block_eta=1.87h
k=397 t=2  85.70%  idx=1.354281e+16/1.580183e+16 surv=0 checked=4.5146e+16 rate=3.379e+11/s elapsed=1.57h block_eta=1.86h
k=397 t=2  85.83%  idx=1.356309e+16/1.580183e+16 surv=0 checked=4.5167e+16 rate=3.379e+11/s elapsed=1.58h block_eta=1.84h
k=397 t=2  85.96%  idx=1.358335e+16/1.580183e+16 surv=0 checked=4.5187e+16 rate=3.379e+11/s elapsed=1.60h block_eta=1.82h
k=397 t=2  86.09%  idx=1.360362e+16/1.580183e+16 surv=0 checked=4.5207e+16 rate=3.379e+11/s elapsed=1.62h block_eta=1.81h
k=397 t=2  86.22%  idx=1.362389e+16/1.580183e+16 surv=0 checked=4.5228e+16 rate=3.379e+11/s elapsed=1.63h block_eta=1.79h
k=397 t=2  86.35%  idx=1.364416e+16/1.580183e+16 surv=0 checked=4.5248e+16 rate=3.379e+11/s elapsed=1.65h block_eta=1.77h
k=397 t=2  86.47%  idx=1.366442e+16/1.580183e+16 surv=0 checked=4.5268e+16 rate=3.379e+11/s elapsed=1.67h block_eta=1.76h
k=397 t=2  86.60%  idx=1.368470e+16/1.580183e+16 surv=0 checked=4.5288e+16 rate=3.379e+11/s elapsed=1.68h block_eta=1.74h
k=397 t=2  86.73%  idx=1.370497e+16/1.580183e+16 surv=0 checked=4.5309e+16 rate=3.379e+11/s elapsed=1.70h block_eta=1.72h
k=397 t=2  86.86%  idx=1.372525e+16/1.580183e+16 surv=0 checked=4.5329e+16 rate=3.379e+11/s elapsed=1.72h block_eta=1.71h
k=397 t=2  86.99%  idx=1.374552e+16/1.580183e+16 surv=0 checked=4.5349e+16 rate=3.379e+11/s elapsed=1.73h block_eta=1.69h
k=397 t=2  87.12%  idx=1.376580e+16/1.580183e+16 surv=0 checked=4.5369e+16 rate=3.379e+11/s elapsed=1.75h block_eta=1.67h
k=397 t=2  87.24%  idx=1.378607e+16/1.580183e+16 surv=0 checked=4.5390e+16 rate=3.379e+11/s elapsed=1.77h block_eta=1.66h
k=397 t=2  87.37%  idx=1.380634e+16/1.580183e+16 surv=0 checked=4.5410e+16 rate=3.379e+11/s elapsed=1.78h block_eta=1.64h
k=397 t=2  87.50%  idx=1.382663e+16/1.580183e+16 surv=0 checked=4.5430e+16 rate=3.379e+11/s elapsed=1.80h block_eta=1.62h
k=397 t=2  87.63%  idx=1.384689e+16/1.580183e+16 surv=0 checked=4.5451e+16 rate=3.379e+11/s elapsed=1.82h block_eta=1.61h
k=397 t=2  87.76%  idx=1.386717e+16/1.580183e+16 surv=0 checked=4.5471e+16 rate=3.379e+11/s elapsed=1.83h block_eta=1.59h
k=397 t=2  87.89%  idx=1.388744e+16/1.580183e+16 surv=0 checked=4.5491e+16 rate=3.379e+11/s elapsed=1.85h block_eta=1.57h
k=397 t=2  88.01%  idx=1.390772e+16/1.580183e+16 surv=0 checked=4.5511e+16 rate=3.379e+11/s elapsed=1.87h block_eta=1.56h
k=397 t=2  88.14%  idx=1.392799e+16/1.580183e+16 surv=0 checked=4.5532e+16 rate=3.379e+11/s elapsed=1.88h block_eta=1.54h
k=397 t=2  88.27%  idx=1.394828e+16/1.580183e+16 surv=0 checked=4.5552e+16 rate=3.379e+11/s elapsed=1.90h block_eta=1.52h
k=397 t=2  88.40%  idx=1.396855e+16/1.580183e+16 surv=0 checked=4.5572e+16 rate=3.379e+11/s elapsed=1.92h block_eta=1.51h
k=397 t=2  88.53%  idx=1.398883e+16/1.580183e+16 surv=0 checked=4.5592e+16 rate=3.379e+11/s elapsed=1.93h block_eta=1.49h
k=397 t=2  88.65%  idx=1.400910e+16/1.580183e+16 surv=0 checked=4.5613e+16 rate=3.379e+11/s elapsed=1.95h block_eta=1.47h
k=397 t=2  88.78%  idx=1.402937e+16/1.580183e+16 surv=0 checked=4.5633e+16 rate=3.379e+11/s elapsed=1.97h block_eta=1.46h
k=397 t=2  88.91%  idx=1.404966e+16/1.580183e+16 surv=0 checked=4.5653e+16 rate=3.379e+11/s elapsed=1.98h block_eta=1.44h
k=397 t=2  89.04%  idx=1.406994e+16/1.580183e+16 surv=0 checked=4.5674e+16 rate=3.379e+11/s elapsed=2.00h block_eta=1.42h
k=397 t=2  89.17%  idx=1.409024e+16/1.580183e+16 surv=0 checked=4.5694e+16 rate=3.379e+11/s elapsed=2.02h block_eta=1.41h
k=397 t=2  89.30%  idx=1.411051e+16/1.580183e+16 surv=0 checked=4.5714e+16 rate=3.379e+11/s elapsed=2.03h block_eta=1.39h
k=397 t=2  89.43%  idx=1.413079e+16/1.580183e+16 surv=0 checked=4.5734e+16 rate=3.379e+11/s elapsed=2.05h block_eta=1.37h
k=397 t=2  89.55%  idx=1.415106e+16/1.580183e+16 surv=0 checked=4.5755e+16 rate=3.379e+11/s elapsed=2.07h block_eta=1.36h
k=397 t=2  89.68%  idx=1.417133e+16/1.580183e+16 surv=0 checked=4.5775e+16 rate=3.379e+11/s elapsed=2.08h block_eta=1.34h
k=397 t=2  89.81%  idx=1.419160e+16/1.580183e+16 surv=0 checked=4.5795e+16 rate=3.379e+11/s elapsed=2.10h block_eta=1.32h
k=397 t=2  89.94%  idx=1.421187e+16/1.580183e+16 surv=0 checked=4.5816e+16 rate=3.379e+11/s elapsed=2.12h block_eta=1.31h
k=397 t=2  90.07%  idx=1.423214e+16/1.580183e+16 surv=0 checked=4.5836e+16 rate=3.379e+11/s elapsed=2.13h block_eta=1.29h
k=397 t=2  90.19%  idx=1.425242e+16/1.580183e+16 surv=0 checked=4.5856e+16 rate=3.379e+11/s elapsed=2.15h block_eta=1.27h
k=397 t=2  90.32%  idx=1.427270e+16/1.580183e+16 surv=0 checked=4.5876e+16 rate=3.379e+11/s elapsed=2.17h block_eta=1.26h
k=397 t=2  90.45%  idx=1.429298e+16/1.580183e+16 surv=0 checked=4.5897e+16 rate=3.379e+11/s elapsed=2.18h block_eta=1.24h
k=397 t=2  90.58%  idx=1.431326e+16/1.580183e+16 surv=0 checked=4.5917e+16 rate=3.379e+11/s elapsed=2.20h block_eta=1.22h
k=397 t=2  90.71%  idx=1.433354e+16/1.580183e+16 surv=0 checked=4.5937e+16 rate=3.379e+11/s elapsed=2.22h block_eta=1.21h
k=397 t=2  90.84%  idx=1.435382e+16/1.580183e+16 surv=0 checked=4.5957e+16 rate=3.379e+11/s elapsed=2.23h block_eta=1.19h
k=397 t=2  90.96%  idx=1.437408e+16/1.580183e+16 surv=0 checked=4.5978e+16 rate=3.379e+11/s elapsed=2.25h block_eta=1.17h
k=397 t=2  91.09%  idx=1.439435e+16/1.580183e+16 surv=0 checked=4.5998e+16 rate=3.379e+11/s elapsed=2.27h block_eta=1.16h
k=397 t=2  91.22%  idx=1.441462e+16/1.580183e+16 surv=0 checked=4.6018e+16 rate=3.379e+11/s elapsed=2.28h block_eta=1.14h
k=397 t=2  91.35%  idx=1.443490e+16/1.580183e+16 surv=0 checked=4.6039e+16 rate=3.379e+11/s elapsed=2.30h block_eta=1.12h
k=397 t=2  91.48%  idx=1.445518e+16/1.580183e+16 surv=0 checked=4.6059e+16 rate=3.379e+11/s elapsed=2.32h block_eta=1.11h
k=397 t=2  91.61%  idx=1.447546e+16/1.580183e+16 surv=0 checked=4.6079e+16 rate=3.379e+11/s elapsed=2.33h block_eta=1.09h
k=397 t=2  91.73%  idx=1.449574e+16/1.580183e+16 surv=0 checked=4.6099e+16 rate=3.379e+11/s elapsed=2.35h block_eta=1.07h
k=397 t=2  91.86%  idx=1.451602e+16/1.580183e+16 surv=0 checked=4.6120e+16 rate=3.379e+11/s elapsed=2.37h block_eta=1.06h
k=397 t=2  91.99%  idx=1.453630e+16/1.580183e+16 surv=0 checked=4.6140e+16 rate=3.379e+11/s elapsed=2.38h block_eta=1.04h
k=397 t=2  92.12%  idx=1.455657e+16/1.580183e+16 surv=0 checked=4.6160e+16 rate=3.379e+11/s elapsed=2.40h block_eta=1.02h
k=397 t=2  92.25%  idx=1.457685e+16/1.580183e+16 surv=0 checked=4.6181e+16 rate=3.379e+11/s elapsed=2.42h block_eta=1.01h
k=397 t=2  92.38%  idx=1.459712e+16/1.580183e+16 surv=0 checked=4.6201e+16 rate=3.379e+11/s elapsed=2.43h block_eta=0.99h
k=397 t=2  92.50%  idx=1.461740e+16/1.580183e+16 surv=0 checked=4.6221e+16 rate=3.379e+11/s elapsed=2.45h block_eta=0.97h
k=397 t=2  92.63%  idx=1.463767e+16/1.580183e+16 surv=0 checked=4.6241e+16 rate=3.379e+11/s elapsed=2.47h block_eta=0.96h
k=397 t=2  92.76%  idx=1.465794e+16/1.580183e+16 surv=0 checked=4.6262e+16 rate=3.379e+11/s elapsed=2.48h block_eta=0.94h
k=397 t=2  92.89%  idx=1.467822e+16/1.580183e+16 surv=0 checked=4.6282e+16 rate=3.379e+11/s elapsed=2.50h block_eta=0.92h
k=397 t=2  93.02%  idx=1.469849e+16/1.580183e+16 surv=0 checked=4.6302e+16 rate=3.379e+11/s elapsed=2.52h block_eta=0.91h
k=397 t=2  93.15%  idx=1.471877e+16/1.580183e+16 surv=0 checked=4.6322e+16 rate=3.379e+11/s elapsed=2.53h block_eta=0.89h
k=397 t=2  93.27%  idx=1.473903e+16/1.580183e+16 surv=0 checked=4.6343e+16 rate=3.379e+11/s elapsed=2.55h block_eta=0.87h
k=397 t=2  93.40%  idx=1.475930e+16/1.580183e+16 surv=0 checked=4.6363e+16 rate=3.379e+11/s elapsed=2.57h block_eta=0.86h
k=397 t=2  93.53%  idx=1.477956e+16/1.580183e+16 surv=0 checked=4.6383e+16 rate=3.379e+11/s elapsed=2.58h block_eta=0.84h
k=397 t=2  93.66%  idx=1.479983e+16/1.580183e+16 surv=0 checked=4.6403e+16 rate=3.379e+11/s elapsed=2.60h block_eta=0.82h
k=397 t=2  93.79%  idx=1.482012e+16/1.580183e+16 surv=0 checked=4.6424e+16 rate=3.379e+11/s elapsed=2.62h block_eta=0.81h
k=397 t=2  93.92%  idx=1.484042e+16/1.580183e+16 surv=0 checked=4.6444e+16 rate=3.379e+11/s elapsed=2.63h block_eta=0.79h
k=397 t=2  94.04%  idx=1.486071e+16/1.580183e+16 surv=0 checked=4.6464e+16 rate=3.379e+11/s elapsed=2.65h block_eta=0.77h
k=397 t=2  94.17%  idx=1.488100e+16/1.580183e+16 surv=0 checked=4.6485e+16 rate=3.379e+11/s elapsed=2.67h block_eta=0.76h
k=397 t=2  94.30%  idx=1.490128e+16/1.580183e+16 surv=0 checked=4.6505e+16 rate=3.379e+11/s elapsed=2.68h block_eta=0.74h
k=397 t=2  94.43%  idx=1.492155e+16/1.580183e+16 surv=0 checked=4.6525e+16 rate=3.379e+11/s elapsed=2.70h block_eta=0.72h
k=397 t=2  94.56%  idx=1.494182e+16/1.580183e+16 surv=0 checked=4.6545e+16 rate=3.379e+11/s elapsed=2.72h block_eta=0.71h
k=397 t=2  94.69%  idx=1.496209e+16/1.580183e+16 surv=0 checked=4.6566e+16 rate=3.379e+11/s elapsed=2.73h block_eta=0.69h
k=397 t=2  94.81%  idx=1.498237e+16/1.580183e+16 surv=0 checked=4.6586e+16 rate=3.379e+11/s elapsed=2.75h block_eta=0.67h
k=397 t=2  94.94%  idx=1.500266e+16/1.580183e+16 surv=0 checked=4.6606e+16 rate=3.379e+11/s elapsed=2.77h block_eta=0.66h
k=397 t=2  95.07%  idx=1.502293e+16/1.580183e+16 surv=0 checked=4.6627e+16 rate=3.379e+11/s elapsed=2.78h block_eta=0.64h
k=397 t=2  95.20%  idx=1.504323e+16/1.580183e+16 surv=0 checked=4.6647e+16 rate=3.379e+11/s elapsed=2.80h block_eta=0.62h
k=397 t=2  95.33%  idx=1.506352e+16/1.580183e+16 surv=0 checked=4.6667e+16 rate=3.379e+11/s elapsed=2.82h block_eta=0.61h
k=397 t=2  95.46%  idx=1.508382e+16/1.580183e+16 surv=0 checked=4.6687e+16 rate=3.379e+11/s elapsed=2.83h block_eta=0.59h
k=397 t=2  95.58%  idx=1.510413e+16/1.580183e+16 surv=0 checked=4.6708e+16 rate=3.379e+11/s elapsed=2.85h block_eta=0.57h
k=397 t=2  95.71%  idx=1.512441e+16/1.580183e+16 surv=0 checked=4.6728e+16 rate=3.379e+11/s elapsed=2.87h block_eta=0.56h
k=397 t=2  95.84%  idx=1.514470e+16/1.580183e+16 surv=0 checked=4.6748e+16 rate=3.379e+11/s elapsed=2.88h block_eta=0.54h
k=397 t=2  95.97%  idx=1.516498e+16/1.580183e+16 surv=0 checked=4.6769e+16 rate=3.379e+11/s elapsed=2.90h block_eta=0.52h
k=397 t=2  96.10%  idx=1.518526e+16/1.580183e+16 surv=0 checked=4.6789e+16 rate=3.379e+11/s elapsed=2.92h block_eta=0.51h
k=397 t=2  96.23%  idx=1.520553e+16/1.580183e+16 surv=0 checked=4.6809e+16 rate=3.379e+11/s elapsed=2.93h block_eta=0.49h
k=397 t=2  96.35%  idx=1.522577e+16/1.580183e+16 surv=0 checked=4.6829e+16 rate=3.379e+11/s elapsed=2.95h block_eta=0.47h
k=397 t=2  96.48%  idx=1.524603e+16/1.580183e+16 surv=0 checked=4.6850e+16 rate=3.379e+11/s elapsed=2.97h block_eta=0.46h
k=397 t=2  96.61%  idx=1.526632e+16/1.580183e+16 surv=0 checked=4.6870e+16 rate=3.379e+11/s elapsed=2.98h block_eta=0.44h
k=397 t=2  96.74%  idx=1.528659e+16/1.580183e+16 surv=0 checked=4.6890e+16 rate=3.379e+11/s elapsed=3.00h block_eta=0.42h
k=397 t=2  96.87%  idx=1.530686e+16/1.580183e+16 surv=0 checked=4.6911e+16 rate=3.379e+11/s elapsed=3.02h block_eta=0.41h
k=397 t=2  97.00%  idx=1.532713e+16/1.580183e+16 surv=0 checked=4.6931e+16 rate=3.379e+11/s elapsed=3.03h block_eta=0.39h
k=397 t=2  97.12%  idx=1.534740e+16/1.580183e+16 surv=0 checked=4.6951e+16 rate=3.379e+11/s elapsed=3.05h block_eta=0.37h
k=397 t=2  97.25%  idx=1.536767e+16/1.580183e+16 surv=0 checked=4.6971e+16 rate=3.379e+11/s elapsed=3.07h block_eta=0.36h
k=397 t=2  97.38%  idx=1.538793e+16/1.580183e+16 surv=0 checked=4.6992e+16 rate=3.379e+11/s elapsed=3.08h block_eta=0.34h
k=397 t=2  97.51%  idx=1.540820e+16/1.580183e+16 surv=0 checked=4.7012e+16 rate=3.379e+11/s elapsed=3.10h block_eta=0.32h
k=397 t=2  97.64%  idx=1.542846e+16/1.580183e+16 surv=0 checked=4.7032e+16 rate=3.379e+11/s elapsed=3.12h block_eta=0.31h
k=397 t=2  97.77%  idx=1.544872e+16/1.580183e+16 surv=0 checked=4.7052e+16 rate=3.379e+11/s elapsed=3.13h block_eta=0.29h
k=397 t=2  97.89%  idx=1.546898e+16/1.580183e+16 surv=0 checked=4.7073e+16 rate=3.379e+11/s elapsed=3.15h block_eta=0.27h
k=397 t=2  98.02%  idx=1.548924e+16/1.580183e+16 surv=0 checked=4.7093e+16 rate=3.379e+11/s elapsed=3.17h block_eta=0.26h
k=397 t=2  98.15%  idx=1.550950e+16/1.580183e+16 surv=0 checked=4.7113e+16 rate=3.379e+11/s elapsed=3.18h block_eta=0.24h
k=397 t=2  98.28%  idx=1.552976e+16/1.580183e+16 surv=0 checked=4.7133e+16 rate=3.379e+11/s elapsed=3.20h block_eta=0.22h
k=397 t=2  98.41%  idx=1.555003e+16/1.580183e+16 surv=0 checked=4.7154e+16 rate=3.379e+11/s elapsed=3.22h block_eta=0.21h
k=397 t=2  98.53%  idx=1.557029e+16/1.580183e+16 surv=0 checked=4.7174e+16 rate=3.379e+11/s elapsed=3.23h block_eta=0.19h
k=397 t=2  98.66%  idx=1.559055e+16/1.580183e+16 surv=0 checked=4.7194e+16 rate=3.379e+11/s elapsed=3.25h block_eta=0.17h
k=397 t=2  98.79%  idx=1.561081e+16/1.580183e+16 surv=0 checked=4.7214e+16 rate=3.379e+11/s elapsed=3.27h block_eta=0.16h
k=397 t=2  98.92%  idx=1.563109e+16/1.580183e+16 surv=0 checked=4.7235e+16 rate=3.379e+11/s elapsed=3.28h block_eta=0.14h
k=397 t=2  99.05%  idx=1.565136e+16/1.580183e+16 surv=0 checked=4.7255e+16 rate=3.379e+11/s elapsed=3.30h block_eta=0.12h
k=397 t=2  99.18%  idx=1.567163e+16/1.580183e+16 surv=0 checked=4.7275e+16 rate=3.379e+11/s elapsed=3.32h block_eta=0.11h
k=397 t=2  99.30%  idx=1.569189e+16/1.580183e+16 surv=0 checked=4.7296e+16 rate=3.379e+11/s elapsed=3.33h block_eta=0.09h
k=397 t=2  99.43%  idx=1.571216e+16/1.580183e+16 surv=0 checked=4.7316e+16 rate=3.379e+11/s elapsed=3.35h block_eta=0.07h
k=397 t=2  99.56%  idx=1.573243e+16/1.580183e+16 surv=0 checked=4.7336e+16 rate=3.379e+11/s elapsed=3.37h block_eta=0.06h
k=397 t=2  99.69%  idx=1.575269e+16/1.580183e+16 surv=0 checked=4.7356e+16 rate=3.379e+11/s elapsed=3.38h block_eta=0.04h
k=397 t=2  99.82%  idx=1.577296e+16/1.580183e+16 surv=0 checked=4.7377e+16 rate=3.379e+11/s elapsed=3.40h block_eta=0.02h
k=397 t=2  99.95%  idx=1.579320e+16/1.580183e+16 surv=0 checked=4.7397e+16 rate=3.379e+11/s elapsed=3.42h block_eta=0.01h
k=397 block t=2 complete: no survivor passed the referee; advancing
k=397 t=3   0.07%  idx=1.162433e+13/1.580183e+16 surv=0 checked=4.7417e+16 rate=3.379e+11/s elapsed=3.43h block_eta=12.98h
k=397 t=3   0.20%  idx=3.145741e+13/1.580183e+16 surv=0 checked=4.7437e+16 rate=3.379e+11/s elapsed=3.45h block_eta=12.97h
k=397 t=3   0.33%  idx=5.173288e+13/1.580183e+16 surv=0 checked=4.7457e+16 rate=3.379e+11/s elapsed=3.47h block_eta=12.95h
k=397 t=3   0.46%  idx=7.200190e+13/1.580183e+16 surv=0 checked=4.7477e+16 rate=3.379e+11/s elapsed=3.48h block_eta=12.93h
k=397 t=3   0.58%  idx=9.227093e+13/1.580183e+16 surv=0 checked=4.7498e+16 rate=3.379e+11/s elapsed=3.50h block_eta=12.92h
k=397 t=3   0.71%  idx=1.125421e+14/1.580183e+16 surv=0 checked=4.7518e+16 rate=3.379e+11/s elapsed=3.52h block_eta=12.90h
k=397 t=3   0.84%  idx=1.328122e+14/1.580183e+16 surv=0 checked=4.7538e+16 rate=3.379e+11/s elapsed=3.53h block_eta=12.88h
k=397 t=3   0.97%  idx=1.530748e+14/1.580183e+16 surv=0 checked=4.7559e+16 rate=3.379e+11/s elapsed=3.55h block_eta=12.87h
k=397 t=3   1.10%  idx=1.733374e+14/1.580183e+16 surv=0 checked=4.7579e+16 rate=3.379e+11/s elapsed=3.57h block_eta=12.85h
k=397 t=3   1.23%  idx=1.936193e+14/1.580183e+16 surv=0 checked=4.7599e+16 rate=3.379e+11/s elapsed=3.58h block_eta=12.83h
k=397 t=3   1.35%  idx=2.138969e+14/1.580183e+16 surv=0 checked=4.7619e+16 rate=3.379e+11/s elapsed=3.60h block_eta=12.82h
k=397 t=3   1.48%  idx=2.341455e+14/1.580183e+16 surv=0 checked=4.7640e+16 rate=3.379e+11/s elapsed=3.62h block_eta=12.80h
k=397 t=3   1.61%  idx=2.544296e+14/1.580183e+16 surv=0 checked=4.7660e+16 rate=3.379e+11/s elapsed=3.63h block_eta=12.78h
k=397 t=3   1.74%  idx=2.746954e+14/1.580183e+16 surv=0 checked=4.7680e+16 rate=3.379e+11/s elapsed=3.65h block_eta=12.77h
k=397 t=3   1.87%  idx=2.949622e+14/1.580183e+16 surv=0 checked=4.7700e+16 rate=3.379e+11/s elapsed=3.67h block_eta=12.75h
k=397 t=3   1.99%  idx=3.152409e+14/1.580183e+16 surv=0 checked=4.7721e+16 rate=3.379e+11/s elapsed=3.68h block_eta=12.73h
k=397 t=3   2.12%  idx=3.355185e+14/1.580183e+16 surv=0 checked=4.7741e+16 rate=3.379e+11/s elapsed=3.70h block_eta=12.72h
k=397 t=3   2.25%  idx=3.558090e+14/1.580183e+16 surv=0 checked=4.7761e+16 rate=3.379e+11/s elapsed=3.72h block_eta=12.70h
k=397 t=3   2.38%  idx=3.760931e+14/1.580183e+16 surv=0 checked=4.7782e+16 rate=3.379e+11/s elapsed=3.73h block_eta=12.68h
k=397 t=3   2.51%  idx=3.963696e+14/1.580183e+16 surv=0 checked=4.7802e+16 rate=3.379e+11/s elapsed=3.75h block_eta=12.67h
k=397 t=3   2.64%  idx=4.166247e+14/1.580183e+16 surv=0 checked=4.7822e+16 rate=3.379e+11/s elapsed=3.77h block_eta=12.65h
k=397 t=3   2.76%  idx=4.368969e+14/1.580183e+16 surv=0 checked=4.7842e+16 rate=3.379e+11/s elapsed=3.78h block_eta=12.63h
k=397 t=3   2.89%  idx=4.571670e+14/1.580183e+16 surv=0 checked=4.7863e+16 rate=3.379e+11/s elapsed=3.80h block_eta=12.62h
k=397 t=3   3.02%  idx=4.773974e+14/1.580183e+16 surv=0 checked=4.7883e+16 rate=3.379e+11/s elapsed=3.82h block_eta=12.60h
k=397 t=3   3.15%  idx=4.976686e+14/1.580183e+16 surv=0 checked=4.7903e+16 rate=3.379e+11/s elapsed=3.83h block_eta=12.58h
k=397 t=3   3.28%  idx=5.179462e+14/1.580183e+16 surv=0 checked=4.7923e+16 rate=3.379e+11/s elapsed=3.85h block_eta=12.57h
k=397 t=3   3.41%  idx=5.382142e+14/1.580183e+16 surv=0 checked=4.7944e+16 rate=3.379e+11/s elapsed=3.87h block_eta=12.55h
k=397 t=3   3.53%  idx=5.584928e+14/1.580183e+16 surv=0 checked=4.7964e+16 rate=3.379e+11/s elapsed=3.88h block_eta=12.53h
k=397 t=3   3.66%  idx=5.787876e+14/1.580183e+16 surv=0 checked=4.7984e+16 rate=3.379e+11/s elapsed=3.90h block_eta=12.52h
k=397 t=3   3.79%  idx=5.990781e+14/1.580183e+16 surv=0 checked=4.8005e+16 rate=3.379e+11/s elapsed=3.92h block_eta=12.50h
k=397 t=3   3.92%  idx=6.193579e+14/1.580183e+16 surv=0 checked=4.8025e+16 rate=3.379e+11/s elapsed=3.93h block_eta=12.48h
k=397 t=3   4.05%  idx=6.396452e+14/1.580183e+16 surv=0 checked=4.8045e+16 rate=3.379e+11/s elapsed=3.95h block_eta=12.47h
k=397 t=3   4.18%  idx=6.599185e+14/1.580183e+16 surv=0 checked=4.8065e+16 rate=3.379e+11/s elapsed=3.97h block_eta=12.45h
k=397 t=3   4.30%  idx=6.801950e+14/1.580183e+16 surv=0 checked=4.8086e+16 rate=3.379e+11/s elapsed=3.98h block_eta=12.43h
k=397 t=3   4.43%  idx=7.004501e+14/1.580183e+16 surv=0 checked=4.8106e+16 rate=3.379e+11/s elapsed=4.00h block_eta=12.42h
k=397 t=3   4.56%  idx=7.207320e+14/1.580183e+16 surv=0 checked=4.8126e+16 rate=3.379e+11/s elapsed=4.02h block_eta=12.40h
k=397 t=3   4.69%  idx=7.410204e+14/1.580183e+16 surv=0 checked=4.8147e+16 rate=3.379e+11/s elapsed=4.03h block_eta=12.38h
k=397 t=3   4.82%  idx=7.613066e+14/1.580183e+16 surv=0 checked=4.8167e+16 rate=3.379e+11/s elapsed=4.05h block_eta=12.37h
k=397 t=3   4.95%  idx=7.815820e+14/1.580183e+16 surv=0 checked=4.8187e+16 rate=3.379e+11/s elapsed=4.07h block_eta=12.35h
k=397 t=3   5.07%  idx=8.018510e+14/1.580183e+16 surv=0 checked=4.8207e+16 rate=3.379e+11/s elapsed=4.08h block_eta=12.33h
k=397 t=3   5.20%  idx=8.221190e+14/1.580183e+16 surv=0 checked=4.8228e+16 rate=3.379e+11/s elapsed=4.10h block_eta=12.32h
k=397 t=3   5.33%  idx=8.423902e+14/1.580183e+16 surv=0 checked=4.8248e+16 rate=3.379e+11/s elapsed=4.12h block_eta=12.30h
k=397 t=3   5.46%  idx=8.626581e+14/1.580183e+16 surv=0 checked=4.8268e+16 rate=3.379e+11/s elapsed=4.13h block_eta=12.28h
k=397 t=3   5.59%  idx=8.829379e+14/1.580183e+16 surv=0 checked=4.8288e+16 rate=3.379e+11/s elapsed=4.15h block_eta=12.27h
k=397 t=3   5.72%  idx=9.032015e+14/1.580183e+16 surv=0 checked=4.8309e+16 rate=3.379e+11/s elapsed=4.17h block_eta=12.25h
k=397 t=3   5.84%  idx=9.234867e+14/1.580183e+16 surv=0 checked=4.8329e+16 rate=3.379e+11/s elapsed=4.18h block_eta=12.23h
k=397 t=3   5.97%  idx=9.437396e+14/1.580183e+16 surv=0 checked=4.8349e+16 rate=3.379e+11/s elapsed=4.20h block_eta=12.22h
k=397 t=3   6.10%  idx=9.640118e+14/1.580183e+16 surv=0 checked=4.8369e+16 rate=3.379e+11/s elapsed=4.22h block_eta=12.20h
k=397 t=3   6.23%  idx=9.842766e+14/1.580183e+16 surv=0 checked=4.8390e+16 rate=3.379e+11/s elapsed=4.23h block_eta=12.18h
k=397 t=3   6.36%  idx=1.004561e+15/1.580183e+16 surv=0 checked=4.8410e+16 rate=3.379e+11/s elapsed=4.25h block_eta=12.17h
k=397 t=3   6.49%  idx=1.024817e+15/1.580183e+16 surv=0 checked=4.8430e+16 rate=3.379e+11/s elapsed=4.27h block_eta=12.15h
k=397 t=3   6.61%  idx=1.045081e+15/1.580183e+16 surv=0 checked=4.8451e+16 rate=3.379e+11/s elapsed=4.28h block_eta=12.13h
k=397 t=3   6.74%  idx=1.065361e+15/1.580183e+16 surv=0 checked=4.8471e+16 rate=3.379e+11/s elapsed=4.30h block_eta=12.12h
k=397 t=3   6.87%  idx=1.085640e+15/1.580183e+16 surv=0 checked=4.8491e+16 rate=3.379e+11/s elapsed=4.32h block_eta=12.10h
k=397 t=3   7.00%  idx=1.105925e+15/1.580183e+16 surv=0 checked=4.8511e+16 rate=3.379e+11/s elapsed=4.33h block_eta=12.08h
k=397 t=3   7.13%  idx=1.126201e+15/1.580183e+16 surv=0 checked=4.8532e+16 rate=3.379e+11/s elapsed=4.35h block_eta=12.07h
k=397 t=3   7.26%  idx=1.146476e+15/1.580183e+16 surv=0 checked=4.8552e+16 rate=3.379e+11/s elapsed=4.37h block_eta=12.05h
k=397 t=3   7.38%  idx=1.166766e+15/1.580183e+16 surv=0 checked=4.8572e+16 rate=3.379e+11/s elapsed=4.38h block_eta=12.03h
k=397 t=3   7.51%  idx=1.187065e+15/1.580183e+16 surv=0 checked=4.8593e+16 rate=3.379e+11/s elapsed=4.40h block_eta=12.02h
k=397 t=3   7.64%  idx=1.207343e+15/1.580183e+16 surv=0 checked=4.8613e+16 rate=3.379e+11/s elapsed=4.42h block_eta=12.00h
k=397 t=3   7.77%  idx=1.227634e+15/1.580183e+16 surv=0 checked=4.8633e+16 rate=3.379e+11/s elapsed=4.43h block_eta=11.98h
k=397 t=3   7.90%  idx=1.247919e+15/1.580183e+16 surv=0 checked=4.8653e+16 rate=3.379e+11/s elapsed=4.45h block_eta=11.97h
k=397 t=3   8.03%  idx=1.268203e+15/1.580183e+16 surv=0 checked=4.8674e+16 rate=3.379e+11/s elapsed=4.47h block_eta=11.95h
k=397 t=3   8.15%  idx=1.288480e+15/1.580183e+16 surv=0 checked=4.8694e+16 rate=3.379e+11/s elapsed=4.48h block_eta=11.93h
k=397 t=3   8.28%  idx=1.308760e+15/1.580183e+16 surv=0 checked=4.8714e+16 rate=3.379e+11/s elapsed=4.50h block_eta=11.92h
k=397 t=3   8.41%  idx=1.329040e+15/1.580183e+16 surv=0 checked=4.8735e+16 rate=3.379e+11/s elapsed=4.52h block_eta=11.90h
k=397 t=3   8.54%  idx=1.349321e+15/1.580183e+16 surv=0 checked=4.8755e+16 rate=3.379e+11/s elapsed=4.53h block_eta=11.88h
k=397 t=3   8.67%  idx=1.369609e+15/1.580183e+16 surv=0 checked=4.8775e+16 rate=3.379e+11/s elapsed=4.55h block_eta=11.87h
k=397 t=3   8.80%  idx=1.389886e+15/1.580183e+16 surv=0 checked=4.8795e+16 rate=3.379e+11/s elapsed=4.57h block_eta=11.85h
k=397 t=3   8.92%  idx=1.410174e+15/1.580183e+16 surv=0 checked=4.8816e+16 rate=3.379e+11/s elapsed=4.58h block_eta=11.83h
k=397 t=3   9.05%  idx=1.430467e+15/1.580183e+16 surv=0 checked=4.8836e+16 rate=3.379e+11/s elapsed=4.60h block_eta=11.82h
k=397 t=3   9.18%  idx=1.450765e+15/1.580183e+16 surv=0 checked=4.8856e+16 rate=3.379e+11/s elapsed=4.62h block_eta=11.80h
k=397 t=3   9.31%  idx=1.471041e+15/1.580183e+16 surv=0 checked=4.8877e+16 rate=3.379e+11/s elapsed=4.63h block_eta=11.78h
k=397 t=3   9.44%  idx=1.491329e+15/1.580183e+16 surv=0 checked=4.8897e+16 rate=3.379e+11/s elapsed=4.65h block_eta=11.77h
k=397 t=3   9.57%  idx=1.511617e+15/1.580183e+16 surv=0 checked=4.8917e+16 rate=3.379e+11/s elapsed=4.67h block_eta=11.75h
k=397 t=3   9.69%  idx=1.531898e+15/1.580183e+16 surv=0 checked=4.8937e+16 rate=3.379e+11/s elapsed=4.68h block_eta=11.73h
k=397 t=3   9.82%  idx=1.552182e+15/1.580183e+16 surv=0 checked=4.8958e+16 rate=3.379e+11/s elapsed=4.70h block_eta=11.72h
k=397 t=3   9.95%  idx=1.572459e+15/1.580183e+16 surv=0 checked=4.8978e+16 rate=3.379e+11/s elapsed=4.72h block_eta=11.70h
k=397 t=3  10.08%  idx=1.592740e+15/1.580183e+16 surv=0 checked=4.8998e+16 rate=3.379e+11/s elapsed=4.73h block_eta=11.68h
k=397 t=3  10.21%  idx=1.613015e+15/1.580183e+16 surv=0 checked=4.9018e+16 rate=3.379e+11/s elapsed=4.75h block_eta=11.67h
k=397 t=3  10.34%  idx=1.633285e+15/1.580183e+16 surv=0 checked=4.9039e+16 rate=3.379e+11/s elapsed=4.77h block_eta=11.65h
k=397 t=3  10.46%  idx=1.653559e+15/1.580183e+16 surv=0 checked=4.9059e+16 rate=3.379e+11/s elapsed=4.78h block_eta=11.63h
k=397 t=3  10.59%  idx=1.673835e+15/1.580183e+16 surv=0 checked=4.9079e+16 rate=3.379e+11/s elapsed=4.80h block_eta=11.62h
k=397 t=3  10.72%  idx=1.694117e+15/1.580183e+16 surv=0 checked=4.9100e+16 rate=3.379e+11/s elapsed=4.82h block_eta=11.60h
k=397 t=3  10.85%  idx=1.714402e+15/1.580183e+16 surv=0 checked=4.9120e+16 rate=3.379e+11/s elapsed=4.83h block_eta=11.58h
k=397 t=3  10.98%  idx=1.734664e+15/1.580183e+16 surv=0 checked=4.9140e+16 rate=3.379e+11/s elapsed=4.85h block_eta=11.56h
k=397 t=3  11.11%  idx=1.754940e+15/1.580183e+16 surv=0 checked=4.9160e+16 rate=3.379e+11/s elapsed=4.87h block_eta=11.55h
k=397 t=3  11.23%  idx=1.775211e+15/1.580183e+16 surv=0 checked=4.9181e+16 rate=3.379e+11/s elapsed=4.88h block_eta=11.53h
k=397 t=3  11.36%  idx=1.795481e+15/1.580183e+16 surv=0 checked=4.9201e+16 rate=3.379e+11/s elapsed=4.90h block_eta=11.51h
k=397 t=3  11.49%  idx=1.815753e+15/1.580183e+16 surv=0 checked=4.9221e+16 rate=3.379e+11/s elapsed=4.92h block_eta=11.50h
k=397 t=3  11.62%  idx=1.836030e+15/1.580183e+16 surv=0 checked=4.9242e+16 rate=3.379e+11/s elapsed=4.93h block_eta=11.48h
k=397 t=3  11.75%  idx=1.856299e+15/1.580183e+16 surv=0 checked=4.9262e+16 rate=3.379e+11/s elapsed=4.95h block_eta=11.46h
k=397 t=3  11.88%  idx=1.876566e+15/1.580183e+16 surv=0 checked=4.9282e+16 rate=3.379e+11/s elapsed=4.97h block_eta=11.45h
k=397 t=3  12.00%  idx=1.896836e+15/1.580183e+16 surv=0 checked=4.9302e+16 rate=3.379e+11/s elapsed=4.98h block_eta=11.43h
k=397 t=3  12.13%  idx=1.917125e+15/1.580183e+16 surv=0 checked=4.9323e+16 rate=3.379e+11/s elapsed=5.00h block_eta=11.41h
k=397 t=3  12.26%  idx=1.937419e+15/1.580183e+16 surv=0 checked=4.9343e+16 rate=3.379e+11/s elapsed=5.02h block_eta=11.40h
k=397 t=3  12.39%  idx=1.957702e+15/1.580183e+16 surv=0 checked=4.9363e+16 rate=3.379e+11/s elapsed=5.03h block_eta=11.38h
k=397 t=3  12.52%  idx=1.977990e+15/1.580183e+16 surv=0 checked=4.9383e+16 rate=3.379e+11/s elapsed=5.05h block_eta=11.36h
k=397 t=3  12.65%  idx=1.998253e+15/1.580183e+16 surv=0 checked=4.9404e+16 rate=3.379e+11/s elapsed=5.07h block_eta=11.35h
k=397 t=3  12.77%  idx=2.018521e+15/1.580183e+16 surv=0 checked=4.9424e+16 rate=3.379e+11/s elapsed=5.08h block_eta=11.33h
k=397 t=3  12.90%  idx=2.038805e+15/1.580183e+16 surv=0 checked=4.9444e+16 rate=3.379e+11/s elapsed=5.10h block_eta=11.31h
k=397 t=3  13.03%  idx=2.059092e+15/1.580183e+16 surv=0 checked=4.9465e+16 rate=3.379e+11/s elapsed=5.12h block_eta=11.30h
k=397 t=3  13.16%  idx=2.079379e+15/1.580183e+16 surv=0 checked=4.9485e+16 rate=3.379e+11/s elapsed=5.13h block_eta=11.28h
k=397 t=3  13.29%  idx=2.099667e+15/1.580183e+16 surv=0 checked=4.9505e+16 rate=3.379e+11/s elapsed=5.15h block_eta=11.26h
k=397 t=3  13.42%  idx=2.119939e+15/1.580183e+16 surv=0 checked=4.9525e+16 rate=3.379e+11/s elapsed=5.17h block_eta=11.25h
k=397 t=3  13.54%  idx=2.140211e+15/1.580183e+16 surv=0 checked=4.9546e+16 rate=3.379e+11/s elapsed=5.18h block_eta=11.23h
k=397 t=3  13.67%  idx=2.160475e+15/1.580183e+16 surv=0 checked=4.9566e+16 rate=3.379e+11/s elapsed=5.20h block_eta=11.21h
k=397 t=3  13.80%  idx=2.180705e+15/1.580183e+16 surv=0 checked=4.9586e+16 rate=3.379e+11/s elapsed=5.22h block_eta=11.20h
k=397 t=3  13.93%  idx=2.200985e+15/1.580183e+16 surv=0 checked=4.9606e+16 rate=3.379e+11/s elapsed=5.23h block_eta=11.18h
k=397 t=3  14.06%  idx=2.221265e+15/1.580183e+16 surv=0 checked=4.9627e+16 rate=3.379e+11/s elapsed=5.25h block_eta=11.16h
k=397 t=3  14.19%  idx=2.241540e+15/1.580183e+16 surv=0 checked=4.9647e+16 rate=3.379e+11/s elapsed=5.27h block_eta=11.15h
k=397 t=3  14.31%  idx=2.261807e+15/1.580183e+16 surv=0 checked=4.9667e+16 rate=3.379e+11/s elapsed=5.28h block_eta=11.13h
k=397 t=3  14.44%  idx=2.282084e+15/1.580183e+16 surv=0 checked=4.9688e+16 rate=3.379e+11/s elapsed=5.30h block_eta=11.11h
k=397 t=3  14.57%  idx=2.302356e+15/1.580183e+16 surv=0 checked=4.9708e+16 rate=3.379e+11/s elapsed=5.32h block_eta=11.10h
k=397 t=3  14.70%  idx=2.322636e+15/1.580183e+16 surv=0 checked=4.9728e+16 rate=3.379e+11/s elapsed=5.33h block_eta=11.08h
k=397 t=3  14.83%  idx=2.342908e+15/1.580183e+16 surv=0 checked=4.9748e+16 rate=3.379e+11/s elapsed=5.35h block_eta=11.06h
k=397 t=3  14.96%  idx=2.363193e+15/1.580183e+16 surv=0 checked=4.9769e+16 rate=3.379e+11/s elapsed=5.37h block_eta=11.05h
k=397 t=3  15.08%  idx=2.383475e+15/1.580183e+16 surv=0 checked=4.9789e+16 rate=3.379e+11/s elapsed=5.38h block_eta=11.03h
k=397 t=3  15.21%  idx=2.403751e+15/1.580183e+16 surv=0 checked=4.9809e+16 rate=3.379e+11/s elapsed=5.40h block_eta=11.01h
k=397 t=3  15.34%  idx=2.424025e+15/1.580183e+16 surv=0 checked=4.9830e+16 rate=3.379e+11/s elapsed=5.42h block_eta=11.00h
k=397 t=3  15.47%  idx=2.444292e+15/1.580183e+16 surv=0 checked=4.9850e+16 rate=3.379e+11/s elapsed=5.43h block_eta=10.98h
k=397 t=3  15.60%  idx=2.464572e+15/1.580183e+16 surv=0 checked=4.9870e+16 rate=3.379e+11/s elapsed=5.45h block_eta=10.96h
k=397 t=3  15.73%  idx=2.484858e+15/1.580183e+16 surv=0 checked=4.9890e+16 rate=3.379e+11/s elapsed=5.47h block_eta=10.95h
k=397 t=3  15.85%  idx=2.505153e+15/1.580183e+16 surv=0 checked=4.9911e+16 rate=3.379e+11/s elapsed=5.48h block_eta=10.93h
k=397 t=3  15.98%  idx=2.525433e+15/1.580183e+16 surv=0 checked=4.9931e+16 rate=3.379e+11/s elapsed=5.50h block_eta=10.91h
k=397 t=3  16.11%  idx=2.545728e+15/1.580183e+16 surv=0 checked=4.9951e+16 rate=3.379e+11/s elapsed=5.52h block_eta=10.90h
k=397 t=3  16.24%  idx=2.566006e+15/1.580183e+16 surv=0 checked=4.9971e+16 rate=3.379e+11/s elapsed=5.53h block_eta=10.88h
k=397 t=3  16.37%  idx=2.586285e+15/1.580183e+16 surv=0 checked=4.9992e+16 rate=3.379e+11/s elapsed=5.55h block_eta=10.86h
k=397 t=3  16.50%  idx=2.606565e+15/1.580183e+16 surv=0 checked=5.0012e+16 rate=3.379e+11/s elapsed=5.57h block_eta=10.85h
k=397 t=3  16.62%  idx=2.626859e+15/1.580183e+16 surv=0 checked=5.0032e+16 rate=3.379e+11/s elapsed=5.58h block_eta=10.83h
k=397 t=3  16.75%  idx=2.647147e+15/1.580183e+16 surv=0 checked=5.0053e+16 rate=3.379e+11/s elapsed=5.60h block_eta=10.81h
k=397 t=3  16.88%  idx=2.667427e+15/1.580183e+16 surv=0 checked=5.0073e+16 rate=3.379e+11/s elapsed=5.62h block_eta=10.80h
k=397 t=3  17.01%  idx=2.687694e+15/1.580183e+16 surv=0 checked=5.0093e+16 rate=3.379e+11/s elapsed=5.63h block_eta=10.78h
k=397 t=3  17.14%  idx=2.707989e+15/1.580183e+16 surv=0 checked=5.0113e+16 rate=3.379e+11/s elapsed=5.65h block_eta=10.76h
k=397 t=3  17.27%  idx=2.728279e+15/1.580183e+16 surv=0 checked=5.0134e+16 rate=3.379e+11/s elapsed=5.67h block_eta=10.75h
k=397 t=3  17.39%  idx=2.748579e+15/1.580183e+16 surv=0 checked=5.0154e+16 rate=3.379e+11/s elapsed=5.68h block_eta=10.73h
k=397 t=3  17.52%  idx=2.768881e+15/1.580183e+16 surv=0 checked=5.0174e+16 rate=3.379e+11/s elapsed=5.70h block_eta=10.71h
k=397 t=3  17.65%  idx=2.789147e+15/1.580183e+16 surv=0 checked=5.0195e+16 rate=3.379e+11/s elapsed=5.72h block_eta=10.70h
k=397 t=3  17.78%  idx=2.809427e+15/1.580183e+16 surv=0 checked=5.0215e+16 rate=3.379e+11/s elapsed=5.73h block_eta=10.68h
k=397 t=3  17.91%  idx=2.829709e+15/1.580183e+16 surv=0 checked=5.0235e+16 rate=3.379e+11/s elapsed=5.75h block_eta=10.66h
k=397 t=3  18.04%  idx=2.849986e+15/1.580183e+16 surv=0 checked=5.0255e+16 rate=3.379e+11/s elapsed=5.77h block_eta=10.65h
k=397 t=3  18.16%  idx=2.870261e+15/1.580183e+16 surv=0 checked=5.0276e+16 rate=3.379e+11/s elapsed=5.78h block_eta=10.63h
k=397 t=3  18.29%  idx=2.890554e+15/1.580183e+16 surv=0 checked=5.0296e+16 rate=3.379e+11/s elapsed=5.80h block_eta=10.61h
k=397 t=3  18.42%  idx=2.910832e+15/1.580183e+16 surv=0 checked=5.0316e+16 rate=3.379e+11/s elapsed=5.82h block_eta=10.60h
k=397 t=3  18.55%  idx=2.931112e+15/1.580183e+16 surv=0 checked=5.0337e+16 rate=3.379e+11/s elapsed=5.83h block_eta=10.58h
k=397 t=3  18.68%  idx=2.951398e+15/1.580183e+16 surv=0 checked=5.0357e+16 rate=3.379e+11/s elapsed=5.85h block_eta=10.56h
k=397 t=3  18.81%  idx=2.971665e+15/1.580183e+16 surv=0 checked=5.0377e+16 rate=3.379e+11/s elapsed=5.87h block_eta=10.55h
k=397 t=3  18.93%  idx=2.991948e+15/1.580183e+16 surv=0 checked=5.0397e+16 rate=3.379e+11/s elapsed=5.88h block_eta=10.53h
k=397 t=3  19.06%  idx=3.012232e+15/1.580183e+16 surv=0 checked=5.0418e+16 rate=3.379e+11/s elapsed=5.90h block_eta=10.51h
k=397 t=3  19.19%  idx=3.032511e+15/1.580183e+16 surv=0 checked=5.0438e+16 rate=3.379e+11/s elapsed=5.92h block_eta=10.50h
k=397 t=3  19.32%  idx=3.052789e+15/1.580183e+16 surv=0 checked=5.0458e+16 rate=3.379e+11/s elapsed=5.93h block_eta=10.48h
k=397 t=3  19.45%  idx=3.073069e+15/1.580183e+16 surv=0 checked=5.0479e+16 rate=3.379e+11/s elapsed=5.95h block_eta=10.46h
k=397 t=3  19.58%  idx=3.093346e+15/1.580183e+16 surv=0 checked=5.0499e+16 rate=3.379e+11/s elapsed=5.97h block_eta=10.45h
k=397 t=3  19.70%  idx=3.113633e+15/1.580183e+16 surv=0 checked=5.0519e+16 rate=3.379e+11/s elapsed=5.98h block_eta=10.43h
k=397 t=3  19.83%  idx=3.133911e+15/1.580183e+16 surv=0 checked=5.0539e+16 rate=3.379e+11/s elapsed=6.00h block_eta=10.41h
k=397 t=3  19.96%  idx=3.154201e+15/1.580183e+16 surv=0 checked=5.0560e+16 rate=3.379e+11/s elapsed=6.02h block_eta=10.40h
k=397 t=3  20.09%  idx=3.174488e+15/1.580183e+16 surv=0 checked=5.0580e+16 rate=3.379e+11/s elapsed=6.03h block_eta=10.38h
k=397 t=3  20.22%  idx=3.194777e+15/1.580183e+16 surv=0 checked=5.0600e+16 rate=3.379e+11/s elapsed=6.05h block_eta=10.36h
k=397 t=3  20.35%  idx=3.215052e+15/1.580183e+16 surv=0 checked=5.0621e+16 rate=3.379e+11/s elapsed=6.07h block_eta=10.35h
k=397 t=3  20.47%  idx=3.235324e+15/1.580183e+16 surv=0 checked=5.0641e+16 rate=3.379e+11/s elapsed=6.08h block_eta=10.33h
k=397 t=3  20.60%  idx=3.255597e+15/1.580183e+16 surv=0 checked=5.0661e+16 rate=3.379e+11/s elapsed=6.10h block_eta=10.31h
k=397 t=3  20.73%  idx=3.275866e+15/1.580183e+16 surv=0 checked=5.0681e+16 rate=3.379e+11/s elapsed=6.12h block_eta=10.30h
k=397 t=3  20.86%  idx=3.296137e+15/1.580183e+16 surv=0 checked=5.0702e+16 rate=3.379e+11/s elapsed=6.13h block_eta=10.28h
k=397 t=3  20.99%  idx=3.316408e+15/1.580183e+16 surv=0 checked=5.0722e+16 rate=3.379e+11/s elapsed=6.15h block_eta=10.26h
k=397 t=3  21.12%  idx=3.336685e+15/1.580183e+16 surv=0 checked=5.0742e+16 rate=3.379e+11/s elapsed=6.17h block_eta=10.25h
k=397 t=3  21.24%  idx=3.356970e+15/1.580183e+16 surv=0 checked=5.0762e+16 rate=3.379e+11/s elapsed=6.18h block_eta=10.23h
k=397 t=3  21.37%  idx=3.377257e+15/1.580183e+16 surv=0 checked=5.0783e+16 rate=3.379e+11/s elapsed=6.20h block_eta=10.21h
k=397 t=3  21.50%  idx=3.397543e+15/1.580183e+16 surv=0 checked=5.0803e+16 rate=3.379e+11/s elapsed=6.22h block_eta=10.20h
k=397 t=3  21.63%  idx=3.417816e+15/1.580183e+16 surv=0 checked=5.0823e+16 rate=3.379e+11/s elapsed=6.23h block_eta=10.18h
k=397 t=3  21.76%  idx=3.438099e+15/1.580183e+16 surv=0 checked=5.0844e+16 rate=3.379e+11/s elapsed=6.25h block_eta=10.16h
k=397 t=3  21.89%  idx=3.458378e+15/1.580183e+16 surv=0 checked=5.0864e+16 rate=3.379e+11/s elapsed=6.27h block_eta=10.15h
k=397 t=3  22.01%  idx=3.478661e+15/1.580183e+16 surv=0 checked=5.0884e+16 rate=3.379e+11/s elapsed=6.28h block_eta=10.13h
k=397 t=3  22.14%  idx=3.498936e+15/1.580183e+16 surv=0 checked=5.0904e+16 rate=3.379e+11/s elapsed=6.30h block_eta=10.11h
k=397 t=3  22.25%  idx=3.516600e+15/1.580183e+16 surv=0 checked=5.0922e+16 rate=3.378e+11/s elapsed=6.32h block_eta=10.10h
k=397 t=3  22.38%  idx=3.536879e+15/1.580183e+16 surv=0 checked=5.0942e+16 rate=3.378e+11/s elapsed=6.33h block_eta=10.09h
k=397 t=3  22.51%  idx=3.557148e+15/1.580183e+16 surv=0 checked=5.0963e+16 rate=3.378e+11/s elapsed=6.35h block_eta=10.07h
k=397 t=3  22.64%  idx=3.577434e+15/1.580183e+16 surv=0 checked=5.0983e+16 rate=3.378e+11/s elapsed=6.37h block_eta=10.05h
k=397 t=3  22.77%  idx=3.597723e+15/1.580183e+16 surv=0 checked=5.1003e+16 rate=3.378e+11/s elapsed=6.38h block_eta=10.04h
k=397 t=3  22.90%  idx=3.617991e+15/1.580183e+16 surv=0 checked=5.1023e+16 rate=3.378e+11/s elapsed=6.40h block_eta=10.02h
k=397 t=3  23.02%  idx=3.638272e+15/1.580183e+16 surv=0 checked=5.1044e+16 rate=3.378e+11/s elapsed=6.42h block_eta=10.00h
k=397 t=3  23.15%  idx=3.658553e+15/1.580183e+16 surv=0 checked=5.1064e+16 rate=3.378e+11/s elapsed=6.43h block_eta=9.99h
k=397 t=3  23.28%  idx=3.678827e+15/1.580183e+16 surv=0 checked=5.1084e+16 rate=3.378e+11/s elapsed=6.45h block_eta=9.97h
k=397 t=3  23.41%  idx=3.699106e+15/1.580183e+16 surv=0 checked=5.1105e+16 rate=3.378e+11/s elapsed=6.47h block_eta=9.95h
k=397 t=3  23.54%  idx=3.719383e+15/1.580183e+16 surv=0 checked=5.1125e+16 rate=3.378e+11/s elapsed=6.48h block_eta=9.94h
k=397 t=3  23.67%  idx=3.739660e+15/1.580183e+16 surv=0 checked=5.1145e+16 rate=3.378e+11/s elapsed=6.50h block_eta=9.92h
k=397 t=3  23.79%  idx=3.759940e+15/1.580183e+16 surv=0 checked=5.1165e+16 rate=3.378e+11/s elapsed=6.52h block_eta=9.90h
k=397 t=3  23.92%  idx=3.780212e+15/1.580183e+16 surv=0 checked=5.1186e+16 rate=3.378e+11/s elapsed=6.53h block_eta=9.89h
k=397 t=3  24.05%  idx=3.800488e+15/1.580183e+16 surv=0 checked=5.1206e+16 rate=3.378e+11/s elapsed=6.55h block_eta=9.87h
k=397 t=3  24.18%  idx=3.820768e+15/1.580183e+16 surv=0 checked=5.1226e+16 rate=3.378e+11/s elapsed=6.57h block_eta=9.85h
k=397 t=3  24.31%  idx=3.841046e+15/1.580183e+16 surv=0 checked=5.1247e+16 rate=3.378e+11/s elapsed=6.58h block_eta=9.84h
k=397 t=3  24.44%  idx=3.861363e+15/1.580183e+16 surv=0 checked=5.1267e+16 rate=3.378e+11/s elapsed=6.60h block_eta=9.82h
k=397 t=3  24.56%  idx=3.881646e+15/1.580183e+16 surv=0 checked=5.1287e+16 rate=3.378e+11/s elapsed=6.62h block_eta=9.80h
k=397 t=3  24.69%  idx=3.901930e+15/1.580183e+16 surv=0 checked=5.1307e+16 rate=3.378e+11/s elapsed=6.63h block_eta=9.79h
k=397 t=3  24.82%  idx=3.922215e+15/1.580183e+16 surv=0 checked=5.1328e+16 rate=3.378e+11/s elapsed=6.65h block_eta=9.77h
k=397 t=3  24.95%  idx=3.942501e+15/1.580183e+16 surv=0 checked=5.1348e+16 rate=3.378e+11/s elapsed=6.67h block_eta=9.75h
k=397 t=3  25.08%  idx=3.962789e+15/1.580183e+16 surv=0 checked=5.1368e+16 rate=3.378e+11/s elapsed=6.68h block_eta=9.74h
k=397 t=3  25.21%  idx=3.983078e+15/1.580183e+16 surv=0 checked=5.1389e+16 rate=3.378e+11/s elapsed=6.70h block_eta=9.72h
k=397 t=3  25.33%  idx=4.003368e+15/1.580183e+16 surv=0 checked=5.1409e+16 rate=3.378e+11/s elapsed=6.72h block_eta=9.70h
k=397 t=3  25.46%  idx=4.023663e+15/1.580183e+16 surv=0 checked=5.1429e+16 rate=3.378e+11/s elapsed=6.73h block_eta=9.69h
k=397 t=3  25.59%  idx=4.043956e+15/1.580183e+16 surv=0 checked=5.1449e+16 rate=3.378e+11/s elapsed=6.75h block_eta=9.67h
k=397 t=3  25.72%  idx=4.064252e+15/1.580183e+16 surv=0 checked=5.1470e+16 rate=3.378e+11/s elapsed=6.77h block_eta=9.65h
k=397 t=3  25.85%  idx=4.084545e+15/1.580183e+16 surv=0 checked=5.1490e+16 rate=3.378e+11/s elapsed=6.78h block_eta=9.64h
k=397 t=3  25.98%  idx=4.104825e+15/1.580183e+16 surv=0 checked=5.1510e+16 rate=3.378e+11/s elapsed=6.80h block_eta=9.62h
k=397 t=3  26.11%  idx=4.125110e+15/1.580183e+16 surv=0 checked=5.1531e+16 rate=3.378e+11/s elapsed=6.82h block_eta=9.60h
k=397 t=3  26.23%  idx=4.145398e+15/1.580183e+16 surv=0 checked=5.1551e+16 rate=3.378e+11/s elapsed=6.83h block_eta=9.59h
k=397 t=3  26.36%  idx=4.165682e+15/1.580183e+16 surv=0 checked=5.1571e+16 rate=3.378e+11/s elapsed=6.85h block_eta=9.57h
k=397 t=3  26.49%  idx=4.185966e+15/1.580183e+16 surv=0 checked=5.1591e+16 rate=3.378e+11/s elapsed=6.87h block_eta=9.55h
k=397 t=3  26.62%  idx=4.206262e+15/1.580183e+16 surv=0 checked=5.1612e+16 rate=3.378e+11/s elapsed=6.88h block_eta=9.53h
k=397 t=3  26.75%  idx=4.226513e+15/1.580183e+16 surv=0 checked=5.1632e+16 rate=3.378e+11/s elapsed=6.90h block_eta=9.52h
k=397 t=3  26.88%  idx=4.246784e+15/1.580183e+16 surv=0 checked=5.1652e+16 rate=3.378e+11/s elapsed=6.92h block_eta=9.50h
k=397 t=3  27.00%  idx=4.267079e+15/1.580183e+16 surv=0 checked=5.1673e+16 rate=3.378e+11/s elapsed=6.93h block_eta=9.48h
k=397 t=3  27.13%  idx=4.287359e+15/1.580183e+16 surv=0 checked=5.1693e+16 rate=3.378e+11/s elapsed=6.95h block_eta=9.47h
k=397 t=3  27.26%  idx=4.307652e+15/1.580183e+16 surv=0 checked=5.1713e+16 rate=3.378e+11/s elapsed=6.97h block_eta=9.45h
k=397 t=3  27.39%  idx=4.327957e+15/1.580183e+16 surv=0 checked=5.1733e+16 rate=3.378e+11/s elapsed=6.98h block_eta=9.43h
k=397 t=3  27.52%  idx=4.348236e+15/1.580183e+16 surv=0 checked=5.1754e+16 rate=3.378e+11/s elapsed=7.00h block_eta=9.42h
k=397 t=3  27.65%  idx=4.368505e+15/1.580183e+16 surv=0 checked=5.1774e+16 rate=3.378e+11/s elapsed=7.02h block_eta=9.40h
k=397 t=3  27.77%  idx=4.388805e+15/1.580183e+16 surv=0 checked=5.1794e+16 rate=3.378e+11/s elapsed=7.03h block_eta=9.38h
k=397 t=3  27.90%  idx=4.409101e+15/1.580183e+16 surv=0 checked=5.1815e+16 rate=3.378e+11/s elapsed=7.05h block_eta=9.37h
k=397 t=3  28.03%  idx=4.429401e+15/1.580183e+16 surv=0 checked=5.1835e+16 rate=3.378e+11/s elapsed=7.07h block_eta=9.35h
k=397 t=3  28.16%  idx=4.449668e+15/1.580183e+16 surv=0 checked=5.1855e+16 rate=3.378e+11/s elapsed=7.08h block_eta=9.33h
k=397 t=3  28.29%  idx=4.469946e+15/1.580183e+16 surv=0 checked=5.1875e+16 rate=3.378e+11/s elapsed=7.10h block_eta=9.32h
k=397 t=3  28.42%  idx=4.490245e+15/1.580183e+16 surv=0 checked=5.1896e+16 rate=3.378e+11/s elapsed=7.12h block_eta=9.30h
k=397 t=3  28.54%  idx=4.510534e+15/1.580183e+16 surv=0 checked=5.1916e+16 rate=3.378e+11/s elapsed=7.13h block_eta=9.28h
k=397 t=3  28.67%  idx=4.530827e+15/1.580183e+16 surv=0 checked=5.1936e+16 rate=3.378e+11/s elapsed=7.15h block_eta=9.27h
k=397 t=3  28.80%  idx=4.551125e+15/1.580183e+16 surv=0 checked=5.1957e+16 rate=3.378e+11/s elapsed=7.17h block_eta=9.25h
k=397 t=3  28.93%  idx=4.571429e+15/1.580183e+16 surv=0 checked=5.1977e+16 rate=3.378e+11/s elapsed=7.18h block_eta=9.23h
k=397 t=3  29.06%  idx=4.591734e+15/1.580183e+16 surv=0 checked=5.1997e+16 rate=3.378e+11/s elapsed=7.20h block_eta=9.22h
k=397 t=3  29.19%  idx=4.612040e+15/1.580183e+16 surv=0 checked=5.2018e+16 rate=3.378e+11/s elapsed=7.22h block_eta=9.20h
k=397 t=3  29.32%  idx=4.632332e+15/1.580183e+16 surv=0 checked=5.2038e+16 rate=3.378e+11/s elapsed=7.23h block_eta=9.18h
k=397 t=3  29.44%  idx=4.652628e+15/1.580183e+16 surv=0 checked=5.2058e+16 rate=3.378e+11/s elapsed=7.25h block_eta=9.17h
k=397 t=3  29.57%  idx=4.672920e+15/1.580183e+16 surv=0 checked=5.2078e+16 rate=3.378e+11/s elapsed=7.27h block_eta=9.15h
k=397 t=3  29.70%  idx=4.693216e+15/1.580183e+16 surv=0 checked=5.2099e+16 rate=3.378e+11/s elapsed=7.28h block_eta=9.13h
k=397 t=3  29.83%  idx=4.713509e+15/1.580183e+16 surv=0 checked=5.2119e+16 rate=3.378e+11/s elapsed=7.30h block_eta=9.12h
k=397 t=3  29.96%  idx=4.733812e+15/1.580183e+16 surv=0 checked=5.2139e+16 rate=3.378e+11/s elapsed=7.32h block_eta=9.10h
k=397 t=3  30.09%  idx=4.754109e+15/1.580183e+16 surv=0 checked=5.2160e+16 rate=3.378e+11/s elapsed=7.33h block_eta=9.08h
k=397 t=3  30.21%  idx=4.774408e+15/1.580183e+16 surv=0 checked=5.2180e+16 rate=3.378e+11/s elapsed=7.35h block_eta=9.07h
k=397 t=3  30.34%  idx=4.794708e+15/1.580183e+16 surv=0 checked=5.2200e+16 rate=3.378e+11/s elapsed=7.37h block_eta=9.05h
k=397 t=3  30.47%  idx=4.815008e+15/1.580183e+16 surv=0 checked=5.2220e+16 rate=3.378e+11/s elapsed=7.38h block_eta=9.03h
k=397 t=3  30.60%  idx=4.835313e+15/1.580183e+16 surv=0 checked=5.2241e+16 rate=3.378e+11/s elapsed=7.40h block_eta=9.02h
k=397 t=3  30.73%  idx=4.855617e+15/1.580183e+16 surv=0 checked=5.2261e+16 rate=3.378e+11/s elapsed=7.42h block_eta=9.00h
k=397 t=3  30.86%  idx=4.875926e+15/1.580183e+16 surv=0 checked=5.2281e+16 rate=3.378e+11/s elapsed=7.43h block_eta=8.98h
k=397 t=3  30.99%  idx=4.896221e+15/1.580183e+16 surv=0 checked=5.2302e+16 rate=3.378e+11/s elapsed=7.45h block_eta=8.97h
k=397 t=3  31.11%  idx=4.916514e+15/1.580183e+16 surv=0 checked=5.2322e+16 rate=3.378e+11/s elapsed=7.47h block_eta=8.95h
k=397 t=3  31.24%  idx=4.936816e+15/1.580183e+16 surv=0 checked=5.2342e+16 rate=3.378e+11/s elapsed=7.48h block_eta=8.93h
k=397 t=3  31.37%  idx=4.957129e+15/1.580183e+16 surv=0 checked=5.2363e+16 rate=3.378e+11/s elapsed=7.50h block_eta=8.92h
k=397 t=3  31.50%  idx=4.977434e+15/1.580183e+16 surv=0 checked=5.2383e+16 rate=3.378e+11/s elapsed=7.52h block_eta=8.90h
k=397 t=3  31.63%  idx=4.997744e+15/1.580183e+16 surv=0 checked=5.2403e+16 rate=3.378e+11/s elapsed=7.53h block_eta=8.88h
k=397 t=3  31.76%  idx=5.018044e+15/1.580183e+16 surv=0 checked=5.2424e+16 rate=3.378e+11/s elapsed=7.55h block_eta=8.87h
k=397 t=3  31.88%  idx=5.038353e+15/1.580183e+16 surv=0 checked=5.2444e+16 rate=3.378e+11/s elapsed=7.57h block_eta=8.85h
k=397 t=3  32.01%  idx=5.058662e+15/1.580183e+16 surv=0 checked=5.2464e+16 rate=3.378e+11/s elapsed=7.58h block_eta=8.83h
k=397 t=3  32.14%  idx=5.078962e+15/1.580183e+16 surv=0 checked=5.2484e+16 rate=3.378e+11/s elapsed=7.60h block_eta=8.82h
k=397 t=3  32.27%  idx=5.099272e+15/1.580183e+16 surv=0 checked=5.2505e+16 rate=3.379e+11/s elapsed=7.62h block_eta=8.80h
k=397 t=3  32.40%  idx=5.119587e+15/1.580183e+16 surv=0 checked=5.2525e+16 rate=3.379e+11/s elapsed=7.63h block_eta=8.78h
k=397 t=3  32.53%  idx=5.139902e+15/1.580183e+16 surv=0 checked=5.2545e+16 rate=3.379e+11/s elapsed=7.65h block_eta=8.77h
k=397 t=3  32.66%  idx=5.160195e+15/1.580183e+16 surv=0 checked=5.2566e+16 rate=3.379e+11/s elapsed=7.67h block_eta=8.75h
k=397 t=3  32.78%  idx=5.180495e+15/1.580183e+16 surv=0 checked=5.2586e+16 rate=3.379e+11/s elapsed=7.68h block_eta=8.73h
k=397 t=3  32.91%  idx=5.200787e+15/1.580183e+16 surv=0 checked=5.2606e+16 rate=3.379e+11/s elapsed=7.70h block_eta=8.72h
k=397 t=3  33.04%  idx=5.221088e+15/1.580183e+16 surv=0 checked=5.2627e+16 rate=3.379e+11/s elapsed=7.72h block_eta=8.70h
k=397 t=3  33.17%  idx=5.241390e+15/1.580183e+16 surv=0 checked=5.2647e+16 rate=3.379e+11/s elapsed=7.73h block_eta=8.68h
k=397 t=3  33.30%  idx=5.261691e+15/1.580183e+16 surv=0 checked=5.2667e+16 rate=3.379e+11/s elapsed=7.75h block_eta=8.67h
k=397 t=3  33.43%  idx=5.281981e+15/1.580183e+16 surv=0 checked=5.2687e+16 rate=3.379e+11/s elapsed=7.77h block_eta=8.65h
k=397 t=3  33.55%  idx=5.302269e+15/1.580183e+16 surv=0 checked=5.2708e+16 rate=3.379e+11/s elapsed=7.78h block_eta=8.63h
k=397 t=3  33.63%  idx=5.314053e+15/1.580183e+16 surv=0 checked=5.2720e+16 rate=3.376e+11/s elapsed=7.80h block_eta=8.63h
k=397 t=3  33.69%  idx=5.323529e+15/1.580183e+16 surv=0 checked=5.2729e+16 rate=3.372e+11/s elapsed=7.82h block_eta=8.63h
k=397 t=3  33.75%  idx=5.333721e+15/1.580183e+16 surv=0 checked=5.2739e+16 rate=3.368e+11/s elapsed=7.83h block_eta=8.63h
k=397 t=3  33.81%  idx=5.343143e+15/1.580183e+16 surv=0 checked=5.2749e+16 rate=3.364e+11/s elapsed=7.85h block_eta=8.64h
k=397 t=3  33.87%  idx=5.352849e+15/1.580183e+16 surv=0 checked=5.2758e+16 rate=3.361e+11/s elapsed=7.87h block_eta=8.64h
k=397 t=3  33.94%  idx=5.363362e+15/1.580183e+16 surv=0 checked=5.2769e+16 rate=3.357e+11/s elapsed=7.88h block_eta=8.64h
k=397 t=3  34.01%  idx=5.373646e+15/1.580183e+16 surv=0 checked=5.2779e+16 rate=3.354e+11/s elapsed=7.90h block_eta=8.64h
k=397 t=3  34.08%  idx=5.385027e+15/1.580183e+16 surv=0 checked=5.2791e+16 rate=3.351e+11/s elapsed=7.92h block_eta=8.64h
k=397 t=3  34.14%  idx=5.394589e+15/1.580183e+16 surv=0 checked=5.2800e+16 rate=3.347e+11/s elapsed=7.93h block_eta=8.64h
k=397 t=3  34.20%  idx=5.404331e+15/1.580183e+16 surv=0 checked=5.2810e+16 rate=3.343e+11/s elapsed=7.95h block_eta=8.64h
k=397 t=3  34.26%  idx=5.413956e+15/1.580183e+16 surv=0 checked=5.2819e+16 rate=3.340e+11/s elapsed=7.97h block_eta=8.64h
k=397 t=3  34.32%  idx=5.423466e+15/1.580183e+16 surv=0 checked=5.2829e+16 rate=3.336e+11/s elapsed=7.98h block_eta=8.64h
k=397 t=3  34.38%  idx=5.433388e+15/1.580183e+16 surv=0 checked=5.2839e+16 rate=3.333e+11/s elapsed=8.00h block_eta=8.64h
k=397 t=3  34.45%  idx=5.443266e+15/1.580183e+16 surv=0 checked=5.2849e+16 rate=3.329e+11/s elapsed=8.02h block_eta=8.64h
k=397 t=3  34.51%  idx=5.453366e+15/1.580183e+16 surv=0 checked=5.2859e+16 rate=3.326e+11/s elapsed=8.03h block_eta=8.64h
k=397 t=3  34.57%  idx=5.462814e+15/1.580183e+16 surv=0 checked=5.2868e+16 rate=3.322e+11/s elapsed=8.05h block_eta=8.65h
k=397 t=3  34.64%  idx=5.473121e+15/1.580183e+16 surv=0 checked=5.2879e+16 rate=3.319e+11/s elapsed=8.07h block_eta=8.65h
k=397 t=3  34.70%  idx=5.482575e+15/1.580183e+16 surv=0 checked=5.2888e+16 rate=3.315e+11/s elapsed=8.08h block_eta=8.65h
k=397 t=3  34.76%  idx=5.492729e+15/1.580183e+16 surv=0 checked=5.2898e+16 rate=3.312e+11/s elapsed=8.10h block_eta=8.65h
k=397 t=3  34.84%  idx=5.504690e+15/1.580183e+16 surv=0 checked=5.2910e+16 rate=3.309e+11/s elapsed=8.12h block_eta=8.64h
k=397 t=3  34.90%  idx=5.514193e+15/1.580183e+16 surv=0 checked=5.2920e+16 rate=3.306e+11/s elapsed=8.13h block_eta=8.64h
k=397 t=3  34.97%  idx=5.525938e+15/1.580183e+16 surv=0 checked=5.2931e+16 rate=3.303e+11/s elapsed=8.15h block_eta=8.64h
k=397 t=3  35.03%  idx=5.535695e+15/1.580183e+16 surv=0 checked=5.2941e+16 rate=3.299e+11/s elapsed=8.17h block_eta=8.64h
k=397 t=3  35.09%  idx=5.545169e+15/1.580183e+16 surv=0 checked=5.2951e+16 rate=3.296e+11/s elapsed=8.18h block_eta=8.64h
k=397 t=3  35.16%  idx=5.555252e+15/1.580183e+16 surv=0 checked=5.2961e+16 rate=3.293e+11/s elapsed=8.20h block_eta=8.64h
k=397 t=3  35.22%  idx=5.564758e+15/1.580183e+16 surv=0 checked=5.2970e+16 rate=3.289e+11/s elapsed=8.22h block_eta=8.65h
k=397 t=3  35.28%  idx=5.574746e+15/1.580183e+16 surv=0 checked=5.2980e+16 rate=3.286e+11/s elapsed=8.23h block_eta=8.65h
k=397 t=3  35.34%  idx=5.584350e+15/1.580183e+16 surv=0 checked=5.2990e+16 rate=3.282e+11/s elapsed=8.25h block_eta=8.65h
k=397 t=3  35.40%  idx=5.593845e+15/1.580183e+16 surv=0 checked=5.2999e+16 rate=3.279e+11/s elapsed=8.27h block_eta=8.65h
k=397 t=3  35.47%  idx=5.604460e+15/1.580183e+16 surv=0 checked=5.3010e+16 rate=3.276e+11/s elapsed=8.28h block_eta=8.65h
k=397 t=3  35.53%  idx=5.613998e+15/1.580183e+16 surv=0 checked=5.3019e+16 rate=3.273e+11/s elapsed=8.30h block_eta=8.65h
k=397 t=3  35.59%  idx=5.623532e+15/1.580183e+16 surv=0 checked=5.3029e+16 rate=3.269e+11/s elapsed=8.32h block_eta=8.65h
k=397 t=3  35.66%  idx=5.635111e+15/1.580183e+16 surv=0 checked=5.3041e+16 rate=3.267e+11/s elapsed=8.33h block_eta=8.65h
k=397 t=3  35.72%  idx=5.644551e+15/1.580183e+16 surv=0 checked=5.3050e+16 rate=3.263e+11/s elapsed=8.35h block_eta=8.65h
k=397 t=3  35.78%  idx=5.654451e+15/1.580183e+16 surv=0 checked=5.3060e+16 rate=3.260e+11/s elapsed=8.37h block_eta=8.65h
k=397 t=3  35.84%  idx=5.664034e+15/1.580183e+16 surv=0 checked=5.3070e+16 rate=3.257e+11/s elapsed=8.38h block_eta=8.65h
k=397 t=3  35.91%  idx=5.674216e+15/1.580183e+16 surv=0 checked=5.3080e+16 rate=3.254e+11/s elapsed=8.40h block_eta=8.65h
k=397 t=3  35.97%  idx=5.683683e+15/1.580183e+16 surv=0 checked=5.3089e+16 rate=3.250e+11/s elapsed=8.42h block_eta=8.65h
k=397 t=3  36.04%  idx=5.694556e+15/1.580183e+16 surv=0 checked=5.3100e+16 rate=3.247e+11/s elapsed=8.43h block_eta=8.65h
k=397 t=3  36.10%  idx=5.704265e+15/1.580183e+16 surv=0 checked=5.3110e+16 rate=3.244e+11/s elapsed=8.45h block_eta=8.65h
k=397 t=3  36.16%  idx=5.713742e+15/1.580183e+16 surv=0 checked=5.3119e+16 rate=3.241e+11/s elapsed=8.47h block_eta=8.65h
k=397 t=3  36.23%  idx=5.724867e+15/1.580183e+16 surv=0 checked=5.3130e+16 rate=3.238e+11/s elapsed=8.48h block_eta=8.64h
k=397 t=3  36.29%  idx=5.734352e+15/1.580183e+16 surv=0 checked=5.3140e+16 rate=3.235e+11/s elapsed=8.50h block_eta=8.64h
k=397 t=3  36.36%  idx=5.745544e+15/1.580183e+16 surv=0 checked=5.3151e+16 rate=3.232e+11/s elapsed=8.52h block_eta=8.64h
k=397 t=3  36.42%  idx=5.755017e+15/1.580183e+16 surv=0 checked=5.3160e+16 rate=3.229e+11/s elapsed=8.53h block_eta=8.64h
k=397 t=3  36.50%  idx=5.766885e+15/1.580183e+16 surv=0 checked=5.3172e+16 rate=3.227e+11/s elapsed=8.55h block_eta=8.64h
k=397 t=3  36.56%  idx=5.776795e+15/1.580183e+16 surv=0 checked=5.3182e+16 rate=3.224e+11/s elapsed=8.57h block_eta=8.64h
k=397 t=3  36.62%  idx=5.786211e+15/1.580183e+16 surv=0 checked=5.3192e+16 rate=3.220e+11/s elapsed=8.58h block_eta=8.64h
k=397 t=3  36.68%  idx=5.796209e+15/1.580183e+16 surv=0 checked=5.3202e+16 rate=3.217e+11/s elapsed=8.60h block_eta=8.64h
k=397 t=3  36.74%  idx=5.805759e+15/1.580183e+16 surv=0 checked=5.3211e+16 rate=3.214e+11/s elapsed=8.62h block_eta=8.64h
k=397 t=3  36.81%  idx=5.816062e+15/1.580183e+16 surv=0 checked=5.3222e+16 rate=3.211e+11/s elapsed=8.63h block_eta=8.64h
k=397 t=3  36.87%  idx=5.825462e+15/1.580183e+16 surv=0 checked=5.3231e+16 rate=3.208e+11/s elapsed=8.65h block_eta=8.64h
k=397 t=3  36.93%  idx=5.834994e+15/1.580183e+16 surv=0 checked=5.3240e+16 rate=3.205e+11/s elapsed=8.67h block_eta=8.64h
k=397 t=3  36.99%  idx=5.844609e+15/1.580183e+16 surv=0 checked=5.3250e+16 rate=3.202e+11/s elapsed=8.68h block_eta=8.64h
k=397 t=3  37.05%  idx=5.854369e+15/1.580183e+16 surv=0 checked=5.3260e+16 rate=3.199e+11/s elapsed=8.70h block_eta=8.64h
k=397 t=3  37.11%  idx=5.863862e+15/1.580183e+16 surv=0 checked=5.3269e+16 rate=3.196e+11/s elapsed=8.72h block_eta=8.64h
k=397 t=3  37.17%  idx=5.873314e+15/1.580183e+16 surv=0 checked=5.3279e+16 rate=3.193e+11/s elapsed=8.73h block_eta=8.64h
k=397 t=3  37.23%  idx=5.882798e+15/1.580183e+16 surv=0 checked=5.3288e+16 rate=3.190e+11/s elapsed=8.75h block_eta=8.64h
k=397 t=3  37.29%  idx=5.893070e+15/1.580183e+16 surv=0 checked=5.3299e+16 rate=3.187e+11/s elapsed=8.77h block_eta=8.64h
k=397 t=3  37.35%  idx=5.902570e+15/1.580183e+16 surv=0 checked=5.3308e+16 rate=3.184e+11/s elapsed=8.78h block_eta=8.64h
k=397 t=3  37.42%  idx=5.912438e+15/1.580183e+16 surv=0 checked=5.3318e+16 rate=3.181e+11/s elapsed=8.80h block_eta=8.64h
k=397 t=3  37.48%  idx=5.922121e+15/1.580183e+16 surv=0 checked=5.3328e+16 rate=3.178e+11/s elapsed=8.82h block_eta=8.64h
k=397 t=3  37.55%  idx=5.933358e+15/1.580183e+16 surv=0 checked=5.3339e+16 rate=3.175e+11/s elapsed=8.83h block_eta=8.63h
k=397 t=3  37.61%  idx=5.942823e+15/1.580183e+16 surv=0 checked=5.3348e+16 rate=3.172e+11/s elapsed=8.85h block_eta=8.63h
k=397 t=3  37.67%  idx=5.952307e+15/1.580183e+16 surv=0 checked=5.3358e+16 rate=3.169e+11/s elapsed=8.87h block_eta=8.63h
# RESUME k=397 engine=gpu_sieve_v9 block t=3 residues_done=5952222170050200/15801827328000000 (37.67%) survivors=0 restarts=7
k=397 t=3  37.80%  idx=5.972590e+15/1.580183e+16 surv=0 checked=5.3378e+16 rate=3.395e+11/s elapsed=0.02h block_eta=8.04h
k=397 t=3  37.93%  idx=5.992879e+15/1.580183e+16 surv=0 checked=5.3398e+16 rate=3.388e+11/s elapsed=0.03h block_eta=8.04h
k=397 t=3  38.05%  idx=6.013302e+15/1.580183e+16 surv=0 checked=5.3419e+16 rate=3.393e+11/s elapsed=0.05h block_eta=8.01h
k=397 t=3  38.18%  idx=6.033642e+15/1.580183e+16 surv=0 checked=5.3439e+16 rate=3.392e+11/s elapsed=0.07h block_eta=8.00h
k=397 t=3  38.30%  idx=6.052569e+15/1.580183e+16 surv=0 checked=5.3458e+16 rate=3.345e+11/s elapsed=0.08h block_eta=8.10h
k=397 t=3  38.41%  idx=6.069138e+15/1.580183e+16 surv=0 checked=5.3475e+16 rate=3.248e+11/s elapsed=0.10h block_eta=8.32h
k=397 t=3  38.53%  idx=6.088645e+15/1.580183e+16 surv=0 checked=5.3494e+16 rate=3.248e+11/s elapsed=0.12h block_eta=8.31h
k=397 t=3  38.64%  idx=6.106228e+15/1.580183e+16 surv=0 checked=5.3512e+16 rate=3.208e+11/s elapsed=0.13h block_eta=8.39h
k=397 t=3  38.75%  idx=6.123335e+15/1.580183e+16 surv=0 checked=5.3529e+16 rate=3.169e+11/s elapsed=0.15h block_eta=8.48h
k=397 t=3  38.86%  idx=6.140751e+15/1.580183e+16 surv=0 checked=5.3546e+16 rate=3.142e+11/s elapsed=0.17h block_eta=8.54h
k=397 t=3  38.97%  idx=6.158097e+15/1.580183e+16 surv=0 checked=5.3564e+16 rate=3.119e+11/s elapsed=0.18h block_eta=8.59h
k=397 t=3  39.10%  idx=6.178399e+15/1.580183e+16 surv=0 checked=5.3584e+16 rate=3.141e+11/s elapsed=0.20h block_eta=8.51h
k=397 t=3  39.23%  idx=6.198739e+15/1.580183e+16 surv=0 checked=5.3604e+16 rate=3.160e+11/s elapsed=0.22h block_eta=8.44h
k=397 t=3  39.36%  idx=6.219078e+15/1.580183e+16 surv=0 checked=5.3625e+16 rate=3.177e+11/s elapsed=0.23h block_eta=8.38h
k=397 t=3  39.49%  idx=6.239409e+15/1.580183e+16 surv=0 checked=5.3645e+16 rate=3.191e+11/s elapsed=0.25h block_eta=8.32h
k=397 t=3  39.61%  idx=6.259735e+15/1.580183e+16 surv=0 checked=5.3665e+16 rate=3.203e+11/s elapsed=0.27h block_eta=8.27h
k=397 t=3  39.74%  idx=6.279159e+15/1.580183e+16 surv=0 checked=5.3685e+16 rate=3.205e+11/s elapsed=0.28h block_eta=8.25h
k=397 t=3  39.85%  idx=6.296341e+15/1.580183e+16 surv=0 checked=5.3702e+16 rate=3.186e+11/s elapsed=0.30h block_eta=8.29h
k=397 t=3  39.96%  idx=6.314623e+15/1.580183e+16 surv=0 checked=5.3720e+16 rate=3.179e+11/s elapsed=0.32h block_eta=8.29h
k=397 t=3  40.07%  idx=6.331577e+15/1.580183e+16 surv=0 checked=5.3737e+16 rate=3.161e+11/s elapsed=0.33h block_eta=8.32h
k=397 t=3  40.18%  idx=6.349147e+15/1.580183e+16 surv=0 checked=5.3755e+16 rate=3.150e+11/s elapsed=0.35h block_eta=8.34h
k=397 t=3  40.29%  idx=6.366454e+15/1.580183e+16 surv=0 checked=5.3772e+16 rate=3.138e+11/s elapsed=0.37h block_eta=8.35h
k=397 t=3  40.40%  idx=6.383202e+15/1.580183e+16 surv=0 checked=5.3789e+16 rate=3.123e+11/s elapsed=0.38h block_eta=8.38h
k=397 t=3  40.51%  idx=6.401078e+15/1.580183e+16 surv=0 checked=5.3807e+16 rate=3.117e+11/s elapsed=0.40h block_eta=8.38h
k=397 t=3  40.62%  idx=6.418638e+15/1.580183e+16 surv=0 checked=5.3824e+16 rate=3.109e+11/s elapsed=0.42h block_eta=8.38h
k=397 t=3  40.72%  idx=6.434837e+15/1.580183e+16 surv=0 checked=5.3840e+16 rate=3.094e+11/s elapsed=0.43h block_eta=8.41h
k=397 t=3  40.83%  idx=6.451410e+15/1.580183e+16 surv=0 checked=5.3857e+16 rate=3.081e+11/s elapsed=0.45h block_eta=8.43h
k=397 t=3  40.94%  idx=6.468563e+15/1.580183e+16 surv=0 checked=5.3874e+16 rate=3.073e+11/s elapsed=0.47h block_eta=8.44h
k=397 t=3  41.05%  idx=6.486552e+15/1.580183e+16 surv=0 checked=5.3892e+16 rate=3.071e+11/s elapsed=0.48h block_eta=8.43h
k=397 t=3  41.16%  idx=6.503872e+15/1.580183e+16 surv=0 checked=5.3909e+16 rate=3.065e+11/s elapsed=0.50h block_eta=8.43h
k=397 t=3  41.27%  idx=6.521834e+15/1.580183e+16 surv=0 checked=5.3927e+16 rate=3.062e+11/s elapsed=0.52h block_eta=8.42h
k=397 t=3  41.38%  idx=6.539586e+15/1.580183e+16 surv=0 checked=5.3945e+16 rate=3.059e+11/s elapsed=0.53h block_eta=8.41h
k=397 t=3  41.50%  idx=6.557464e+15/1.580183e+16 surv=0 checked=5.3963e+16 rate=3.057e+11/s elapsed=0.55h block_eta=8.40h
k=397 t=3  41.61%  idx=6.575484e+15/1.580183e+16 surv=0 checked=5.3981e+16 rate=3.055e+11/s elapsed=0.57h block_eta=8.39h
k=397 t=3  41.72%  idx=6.592636e+15/1.580183e+16 surv=0 checked=5.3998e+16 rate=3.049e+11/s elapsed=0.58h block_eta=8.39h
k=397 t=3  41.84%  idx=6.611486e+15/1.580183e+16 surv=0 checked=5.4017e+16 rate=3.052e+11/s elapsed=0.60h block_eta=8.36h
k=397 t=3  41.95%  idx=6.629270e+15/1.580183e+16 surv=0 checked=5.4035e+16 rate=3.050e+11/s elapsed=0.62h block_eta=8.35h
k=397 t=3  42.06%  idx=6.646985e+15/1.580183e+16 surv=0 checked=5.4052e+16 rate=3.047e+11/s elapsed=0.63h block_eta=8.35h
k=397 t=3  42.18%  idx=6.665058e+15/1.580183e+16 surv=0 checked=5.4071e+16 rate=3.046e+11/s elapsed=0.65h block_eta=8.33h
k=397 t=3  42.29%  idx=6.683235e+15/1.580183e+16 surv=0 checked=5.4089e+16 rate=3.046e+11/s elapsed=0.67h block_eta=8.32h
k=397 t=3  42.41%  idx=6.700975e+15/1.580183e+16 surv=0 checked=5.4106e+16 rate=3.044e+11/s elapsed=0.68h block_eta=8.31h
k=397 t=3  42.52%  idx=6.718708e+15/1.580183e+16 surv=0 checked=5.4124e+16 rate=3.042e+11/s elapsed=0.70h block_eta=8.30h
k=397 t=3  42.63%  idx=6.736705e+15/1.580183e+16 surv=0 checked=5.4142e+16 rate=3.041e+11/s elapsed=0.72h block_eta=8.28h
k=397 t=3  42.74%  idx=6.753591e+15/1.580183e+16 surv=0 checked=5.4159e+16 rate=3.035e+11/s elapsed=0.73h block_eta=8.28h
k=397 t=3  42.86%  idx=6.772297e+15/1.580183e+16 surv=0 checked=5.4178e+16 rate=3.037e+11/s elapsed=0.75h block_eta=8.26h
k=397 t=3  42.97%  idx=6.790591e+15/1.580183e+16 surv=0 checked=5.4196e+16 rate=3.037e+11/s elapsed=0.77h block_eta=8.24h
k=397 t=3  43.08%  idx=6.807288e+15/1.580183e+16 surv=0 checked=5.4213e+16 rate=3.032e+11/s elapsed=0.78h block_eta=8.24h
k=397 t=3  43.19%  idx=6.824241e+15/1.580183e+16 surv=0 checked=5.4230e+16 rate=3.028e+11/s elapsed=0.80h block_eta=8.24h
k=397 t=3  43.30%  idx=6.842754e+15/1.580183e+16 surv=0 checked=5.4248e+16 rate=3.029e+11/s elapsed=0.82h block_eta=8.22h
k=397 t=3  43.42%  idx=6.860887e+15/1.580183e+16 surv=0 checked=5.4266e+16 rate=3.029e+11/s elapsed=0.83h block_eta=8.20h
k=397 t=3  43.53%  idx=6.879190e+15/1.580183e+16 surv=0 checked=5.4285e+16 rate=3.029e+11/s elapsed=0.85h block_eta=8.18h
k=397 t=3  43.64%  idx=6.895965e+15/1.580183e+16 surv=0 checked=5.4301e+16 rate=3.025e+11/s elapsed=0.87h block_eta=8.18h
k=397 t=3  43.75%  idx=6.913760e+15/1.580183e+16 surv=0 checked=5.4319e+16 rate=3.024e+11/s elapsed=0.88h block_eta=8.17h
k=397 t=3  43.87%  idx=6.932397e+15/1.580183e+16 surv=0 checked=5.4338e+16 rate=3.025e+11/s elapsed=0.90h block_eta=8.14h
k=397 t=3  43.98%  idx=6.950058e+15/1.580183e+16 surv=0 checked=5.4356e+16 rate=3.024e+11/s elapsed=0.92h block_eta=8.13h
k=397 t=3  44.10%  idx=6.968230e+15/1.580183e+16 surv=0 checked=5.4374e+16 rate=3.024e+11/s elapsed=0.93h block_eta=8.12h
k=397 t=3  44.20%  idx=6.985075e+15/1.580183e+16 surv=0 checked=5.4391e+16 rate=3.020e+11/s elapsed=0.95h block_eta=8.11h
k=397 t=3  44.32%  idx=7.003502e+15/1.580183e+16 surv=0 checked=5.4409e+16 rate=3.021e+11/s elapsed=0.97h block_eta=8.09h
k=397 t=3  44.43%  idx=7.021419e+15/1.580183e+16 surv=0 checked=5.4427e+16 rate=3.020e+11/s elapsed=0.98h block_eta=8.08h
k=397 t=3  44.55%  idx=7.039553e+15/1.580183e+16 surv=0 checked=5.4445e+16 rate=3.020e+11/s elapsed=1.00h block_eta=8.06h
k=397 t=3  44.67%  idx=7.058546e+15/1.580183e+16 surv=0 checked=5.4464e+16 rate=3.023e+11/s elapsed=1.02h block_eta=8.03h
k=397 t=3  44.77%  idx=7.075229e+15/1.580183e+16 surv=0 checked=5.4481e+16 rate=3.019e+11/s elapsed=1.03h block_eta=8.03h
k=397 t=3  44.88%  idx=7.092409e+15/1.580183e+16 surv=0 checked=5.4498e+16 rate=3.016e+11/s elapsed=1.05h block_eta=8.02h
k=397 t=3  45.00%  idx=7.111390e+15/1.580183e+16 surv=0 checked=5.4517e+16 rate=3.019e+11/s elapsed=1.07h block_eta=8.00h
k=397 t=3  45.12%  idx=7.129344e+15/1.580183e+16 surv=0 checked=5.4535e+16 rate=3.018e+11/s elapsed=1.08h block_eta=7.98h
k=397 t=3  45.23%  idx=7.147361e+15/1.580183e+16 surv=0 checked=5.4553e+16 rate=3.018e+11/s elapsed=1.10h block_eta=7.97h
k=397 t=3  45.34%  idx=7.164987e+15/1.580183e+16 surv=0 checked=5.4570e+16 rate=3.017e+11/s elapsed=1.12h block_eta=7.95h
k=397 t=3  45.45%  idx=7.182025e+15/1.580183e+16 surv=0 checked=5.4588e+16 rate=3.014e+11/s elapsed=1.13h block_eta=7.94h
k=397 t=3  45.57%  idx=7.200310e+15/1.580183e+16 surv=0 checked=5.4606e+16 rate=3.015e+11/s elapsed=1.15h block_eta=7.93h
k=397 t=3  45.69%  idx=7.219799e+15/1.580183e+16 surv=0 checked=5.4625e+16 rate=3.018e+11/s elapsed=1.17h block_eta=7.90h
k=397 t=3  45.81%  idx=7.238682e+15/1.580183e+16 surv=0 checked=5.4644e+16 rate=3.020e+11/s elapsed=1.18h block_eta=7.88h
k=397 t=3  45.92%  idx=7.256733e+15/1.580183e+16 surv=0 checked=5.4662e+16 rate=3.020e+11/s elapsed=1.20h block_eta=7.86h
k=397 t=3  46.04%  idx=7.275531e+15/1.580183e+16 surv=0 checked=5.4681e+16 rate=3.021e+11/s elapsed=1.22h block_eta=7.84h
k=397 t=3  46.16%  idx=7.294183e+15/1.580183e+16 surv=0 checked=5.4700e+16 rate=3.022e+11/s elapsed=1.23h block_eta=7.82h
k=397 t=3  46.28%  idx=7.312828e+15/1.580183e+16 surv=0 checked=5.4718e+16 rate=3.023e+11/s elapsed=1.25h block_eta=7.80h
k=397 t=3  46.40%  idx=7.331654e+15/1.580183e+16 surv=0 checked=5.4737e+16 rate=3.025e+11/s elapsed=1.27h block_eta=7.78h
k=397 t=3  46.51%  idx=7.349783e+15/1.580183e+16 surv=0 checked=5.4755e+16 rate=3.025e+11/s elapsed=1.28h block_eta=7.76h
k=397 t=3  46.63%  idx=7.368801e+15/1.580183e+16 surv=0 checked=5.4774e+16 rate=3.027e+11/s elapsed=1.30h block_eta=7.74h
k=397 t=3  46.75%  idx=7.387366e+15/1.580183e+16 surv=0 checked=5.4793e+16 rate=3.028e+11/s elapsed=1.32h block_eta=7.72h
k=397 t=3  46.87%  idx=7.406701e+15/1.580183e+16 surv=0 checked=5.4812e+16 rate=3.030e+11/s elapsed=1.33h block_eta=7.70h
k=397 t=3  46.99%  idx=7.425338e+15/1.580183e+16 surv=0 checked=5.4831e+16 rate=3.031e+11/s elapsed=1.35h block_eta=7.68h
k=397 t=3  47.11%  idx=7.444793e+15/1.580183e+16 surv=0 checked=5.4850e+16 rate=3.034e+11/s elapsed=1.37h block_eta=7.65h
k=397 t=3  47.24%  idx=7.464087e+15/1.580183e+16 surv=0 checked=5.4870e+16 rate=3.036e+11/s elapsed=1.38h block_eta=7.63h
k=397 t=3  47.35%  idx=7.482858e+15/1.580183e+16 surv=0 checked=5.4888e+16 rate=3.037e+11/s elapsed=1.40h block_eta=7.61h
k=397 t=3  47.48%  idx=7.502207e+15/1.580183e+16 surv=0 checked=5.4908e+16 rate=3.039e+11/s elapsed=1.42h block_eta=7.59h
k=397 t=3  47.59%  idx=7.520775e+15/1.580183e+16 surv=0 checked=5.4926e+16 rate=3.040e+11/s elapsed=1.43h block_eta=7.57h
k=397 t=3  47.71%  idx=7.539558e+15/1.580183e+16 surv=0 checked=5.4945e+16 rate=3.041e+11/s elapsed=1.45h block_eta=7.55h
k=397 t=3  47.83%  idx=7.558351e+15/1.580183e+16 surv=0 checked=5.4964e+16 rate=3.042e+11/s elapsed=1.47h block_eta=7.53h
k=397 t=3  47.95%  idx=7.577252e+15/1.580183e+16 surv=0 checked=5.4983e+16 rate=3.043e+11/s elapsed=1.48h block_eta=7.51h
k=397 t=3  48.07%  idx=7.596703e+15/1.580183e+16 surv=0 checked=5.5002e+16 rate=3.045e+11/s elapsed=1.50h block_eta=7.48h
k=397 t=3  48.19%  idx=7.615572e+15/1.580183e+16 surv=0 checked=5.5021e+16 rate=3.046e+11/s elapsed=1.52h block_eta=7.46h
k=397 t=3  48.32%  idx=7.635155e+15/1.580183e+16 surv=0 checked=5.5041e+16 rate=3.049e+11/s elapsed=1.53h block_eta=7.44h
k=397 t=3  48.45%  idx=7.655442e+15/1.580183e+16 surv=0 checked=5.5061e+16 rate=3.052e+11/s elapsed=1.55h block_eta=7.41h
k=397 t=3  48.57%  idx=7.674683e+15/1.580183e+16 surv=0 checked=5.5080e+16 rate=3.054e+11/s elapsed=1.57h block_eta=7.39h
k=397 t=3  48.69%  idx=7.693356e+15/1.580183e+16 surv=0 checked=5.5099e+16 rate=3.055e+11/s elapsed=1.58h block_eta=7.37h
k=397 t=3  48.80%  idx=7.711715e+15/1.580183e+16 surv=0 checked=5.5117e+16 rate=3.055e+11/s elapsed=1.60h block_eta=7.36h
k=397 t=3  48.92%  idx=7.730734e+15/1.580183e+16 surv=0 checked=5.5136e+16 rate=3.056e+11/s elapsed=1.62h block_eta=7.34h
k=397 t=3  49.04%  idx=7.749950e+15/1.580183e+16 surv=0 checked=5.5155e+16 rate=3.057e+11/s elapsed=1.63h block_eta=7.32h
k=397 t=3  49.16%  idx=7.768800e+15/1.580183e+16 surv=0 checked=5.5174e+16 rate=3.058e+11/s elapsed=1.65h block_eta=7.30h
k=397 t=3  49.29%  idx=7.788208e+15/1.580183e+16 surv=0 checked=5.5194e+16 rate=3.060e+11/s elapsed=1.67h block_eta=7.27h
k=397 t=3  49.40%  idx=7.806572e+15/1.580183e+16 surv=0 checked=5.5212e+16 rate=3.060e+11/s elapsed=1.68h block_eta=7.26h
k=397 t=3  49.52%  idx=7.825229e+15/1.580183e+16 surv=0 checked=5.5231e+16 rate=3.060e+11/s elapsed=1.70h block_eta=7.24h
k=397 t=3  49.64%  idx=7.844412e+15/1.580183e+16 surv=0 checked=5.5250e+16 rate=3.062e+11/s elapsed=1.72h block_eta=7.22h
k=397 t=3  49.77%  idx=7.864619e+15/1.580183e+16 surv=0 checked=5.5270e+16 rate=3.065e+11/s elapsed=1.73h block_eta=7.19h
k=397 t=3  49.89%  idx=7.882934e+15/1.580183e+16 surv=0 checked=5.5288e+16 rate=3.065e+11/s elapsed=1.75h block_eta=7.18h
k=397 t=3  50.01%  idx=7.903230e+15/1.580183e+16 surv=0 checked=5.5309e+16 rate=3.068e+11/s elapsed=1.77h block_eta=7.15h
k=397 t=3  50.13%  idx=7.921765e+15/1.580183e+16 surv=0 checked=5.5327e+16 rate=3.068e+11/s elapsed=1.78h block_eta=7.14h
k=397 t=3  50.25%  idx=7.940569e+15/1.580183e+16 surv=0 checked=5.5346e+16 rate=3.068e+11/s elapsed=1.80h block_eta=7.12h
k=397 t=3  50.37%  idx=7.960064e+15/1.580183e+16 surv=0 checked=5.5366e+16 rate=3.070e+11/s elapsed=1.82h block_eta=7.10h
k=397 t=3  50.49%  idx=7.977972e+15/1.580183e+16 surv=0 checked=5.5383e+16 rate=3.069e+11/s elapsed=1.83h block_eta=7.08h
k=397 t=3  50.61%  idx=7.997320e+15/1.580183e+16 surv=0 checked=5.5403e+16 rate=3.071e+11/s elapsed=1.85h block_eta=7.06h
k=397 t=3  50.73%  idx=8.016202e+15/1.580183e+16 surv=0 checked=5.5422e+16 rate=3.071e+11/s elapsed=1.87h block_eta=7.04h
k=397 t=3  50.86%  idx=8.036162e+15/1.580183e+16 surv=0 checked=5.5442e+16 rate=3.074e+11/s elapsed=1.88h block_eta=7.02h
k=397 t=3  50.97%  idx=8.054852e+15/1.580183e+16 surv=0 checked=5.5460e+16 rate=3.074e+11/s elapsed=1.90h block_eta=7.00h
k=397 t=3  51.10%  idx=8.075040e+15/1.580183e+16 surv=0 checked=5.5481e+16 rate=3.076e+11/s elapsed=1.92h block_eta=6.98h
k=397 t=3  51.22%  idx=8.093954e+15/1.580183e+16 surv=0 checked=5.5499e+16 rate=3.077e+11/s elapsed=1.93h block_eta=6.96h
k=397 t=3  51.34%  idx=8.113386e+15/1.580183e+16 surv=0 checked=5.5519e+16 rate=3.078e+11/s elapsed=1.95h block_eta=6.94h
k=397 t=3  51.46%  idx=8.132268e+15/1.580183e+16 surv=0 checked=5.5538e+16 rate=3.079e+11/s elapsed=1.97h block_eta=6.92h
k=397 t=3  51.59%  idx=8.151716e+15/1.580183e+16 surv=0 checked=5.5557e+16 rate=3.080e+11/s elapsed=1.98h block_eta=6.90h
k=397 t=3  51.70%  idx=8.170206e+15/1.580183e+16 surv=0 checked=5.5576e+16 rate=3.080e+11/s elapsed=2.00h block_eta=6.88h
k=397 t=3  51.82%  idx=8.188757e+15/1.580183e+16 surv=0 checked=5.5594e+16 rate=3.081e+11/s elapsed=2.02h block_eta=6.86h
k=397 t=3  51.94%  idx=8.208206e+15/1.580183e+16 surv=0 checked=5.5614e+16 rate=3.082e+11/s elapsed=2.03h block_eta=6.84h
k=397 t=3  52.06%  idx=8.225684e+15/1.580183e+16 surv=0 checked=5.5631e+16 rate=3.080e+11/s elapsed=2.05h block_eta=6.83h
k=397 t=3  52.17%  idx=8.244489e+15/1.580183e+16 surv=0 checked=5.5650e+16 rate=3.081e+11/s elapsed=2.07h block_eta=6.81h
k=397 t=3  52.29%  idx=8.262019e+15/1.580183e+16 surv=0 checked=5.5668e+16 rate=3.080e+11/s elapsed=2.08h block_eta=6.80h
k=397 t=3  52.40%  idx=8.279573e+15/1.580183e+16 surv=0 checked=5.5685e+16 rate=3.078e+11/s elapsed=2.10h block_eta=6.79h
k=397 t=3  52.51%  idx=8.297303e+15/1.580183e+16 surv=0 checked=5.5703e+16 rate=3.077e+11/s elapsed=2.12h block_eta=6.77h
k=397 t=3  52.63%  idx=8.316372e+15/1.580183e+16 surv=0 checked=5.5722e+16 rate=3.078e+11/s elapsed=2.13h block_eta=6.75h
k=397 t=3  52.74%  idx=8.334172e+15/1.580183e+16 surv=0 checked=5.5740e+16 rate=3.077e+11/s elapsed=2.15h block_eta=6.74h
k=397 t=3  52.86%  idx=8.353225e+15/1.580183e+16 surv=0 checked=5.5759e+16 rate=3.078e+11/s elapsed=2.17h block_eta=6.72h
k=397 t=3  52.97%  idx=8.370482e+15/1.580183e+16 surv=0 checked=5.5776e+16 rate=3.077e+11/s elapsed=2.18h block_eta=6.71h
k=397 t=3  53.08%  idx=8.388115e+15/1.580183e+16 surv=0 checked=5.5794e+16 rate=3.076e+11/s elapsed=2.20h block_eta=6.70h
k=397 t=3  53.19%  idx=8.405738e+15/1.580183e+16 surv=0 checked=5.5811e+16 rate=3.074e+11/s elapsed=2.22h block_eta=6.68h
k=397 t=3  53.31%  idx=8.424314e+15/1.580183e+16 surv=0 checked=5.5830e+16 rate=3.075e+11/s elapsed=2.23h block_eta=6.67h
k=397 t=3  53.43%  idx=8.443286e+15/1.580183e+16 surv=0 checked=5.5849e+16 rate=3.075e+11/s elapsed=2.25h block_eta=6.65h
k=397 t=3  53.54%  idx=8.460671e+15/1.580183e+16 surv=0 checked=5.5866e+16 rate=3.074e+11/s elapsed=2.27h block_eta=6.63h
k=397 t=3  53.65%  idx=8.478248e+15/1.580183e+16 surv=0 checked=5.5884e+16 rate=3.073e+11/s elapsed=2.28h block_eta=6.62h
k=397 t=3  53.77%  idx=8.496497e+15/1.580183e+16 surv=0 checked=5.5902e+16 rate=3.073e+11/s elapsed=2.30h block_eta=6.60h
k=397 t=3  53.89%  idx=8.515130e+15/1.580183e+16 surv=0 checked=5.5921e+16 rate=3.073e+11/s elapsed=2.32h block_eta=6.59h
k=397 t=3  54.00%  idx=8.533100e+15/1.580183e+16 surv=0 checked=5.5939e+16 rate=3.072e+11/s elapsed=2.33h block_eta=6.57h
k=397 t=3  54.12%  idx=8.551747e+15/1.580183e+16 surv=0 checked=5.5957e+16 rate=3.073e+11/s elapsed=2.35h block_eta=6.55h
k=397 t=3  54.24%  idx=8.570522e+15/1.580183e+16 surv=0 checked=5.5976e+16 rate=3.073e+11/s elapsed=2.37h block_eta=6.54h
k=397 t=3  54.36%  idx=8.589398e+15/1.580183e+16 surv=0 checked=5.5995e+16 rate=3.074e+11/s elapsed=2.38h block_eta=6.52h
k=397 t=3  54.47%  idx=8.607708e+15/1.580183e+16 surv=0 checked=5.6013e+16 rate=3.073e+11/s elapsed=2.40h block_eta=6.50h
k=397 t=3  54.59%  idx=8.626258e+15/1.580183e+16 surv=0 checked=5.6032e+16 rate=3.074e+11/s elapsed=2.42h block_eta=6.49h
k=397 t=3  54.71%  idx=8.644887e+15/1.580183e+16 surv=0 checked=5.6050e+16 rate=3.074e+11/s elapsed=2.43h block_eta=6.47h
k=397 t=3  54.80%  idx=8.659611e+15/1.580183e+16 surv=0 checked=5.6065e+16 rate=3.070e+11/s elapsed=2.45h block_eta=6.46h
k=397 t=3  54.89%  idx=8.674326e+15/1.580183e+16 surv=0 checked=5.6080e+16 rate=3.065e+11/s elapsed=2.47h block_eta=6.46h
k=397 t=3  54.99%  idx=8.689735e+15/1.580183e+16 surv=0 checked=5.6095e+16 rate=3.062e+11/s elapsed=2.48h block_eta=6.45h
k=397 t=3  55.08%  idx=8.703913e+15/1.580183e+16 surv=0 checked=5.6109e+16 rate=3.057e+11/s elapsed=2.50h block_eta=6.45h
k=397 t=3  55.18%  idx=8.719850e+15/1.580183e+16 surv=0 checked=5.6125e+16 rate=3.055e+11/s elapsed=2.52h block_eta=6.44h
k=397 t=3  55.27%  idx=8.733863e+15/1.580183e+16 surv=0 checked=5.6139e+16 rate=3.050e+11/s elapsed=2.53h block_eta=6.44h
k=397 t=3  55.38%  idx=8.751609e+15/1.580183e+16 surv=0 checked=5.6157e+16 rate=3.049e+11/s elapsed=2.55h block_eta=6.42h
k=397 t=3  55.48%  idx=8.766670e+15/1.580183e+16 surv=0 checked=5.6172e+16 rate=3.046e+11/s elapsed=2.57h block_eta=6.42h
k=397 t=3  55.58%  idx=8.783034e+15/1.580183e+16 surv=0 checked=5.6189e+16 rate=3.044e+11/s elapsed=2.58h block_eta=6.41h
k=397 t=3  55.69%  idx=8.800173e+15/1.580183e+16 surv=0 checked=5.6206e+16 rate=3.043e+11/s elapsed=2.60h block_eta=6.39h
k=397 t=3  55.82%  idx=8.820479e+15/1.580183e+16 surv=0 checked=5.6226e+16 rate=3.045e+11/s elapsed=2.62h block_eta=6.37h
k=397 t=3  55.95%  idx=8.840815e+15/1.580183e+16 surv=0 checked=5.6246e+16 rate=3.047e+11/s elapsed=2.63h block_eta=6.35h
k=397 t=3  56.08%  idx=8.861153e+15/1.580183e+16 surv=0 checked=5.6267e+16 rate=3.049e+11/s elapsed=2.65h block_eta=6.32h
k=397 t=3  56.21%  idx=8.881482e+15/1.580183e+16 surv=0 checked=5.6287e+16 rate=3.051e+11/s elapsed=2.67h block_eta=6.30h
k=397 t=3  56.33%  idx=8.901812e+15/1.580183e+16 surv=0 checked=5.6307e+16 rate=3.053e+11/s elapsed=2.68h block_eta=6.28h
k=397 t=3  56.46%  idx=8.922148e+15/1.580183e+16 surv=0 checked=5.6328e+16 rate=3.055e+11/s elapsed=2.70h block_eta=6.25h
k=397 t=3  56.59%  idx=8.942487e+15/1.580183e+16 surv=0 checked=5.6348e+16 rate=3.057e+11/s elapsed=2.72h block_eta=6.23h
k=397 t=3  56.72%  idx=8.962826e+15/1.580183e+16 surv=0 checked=5.6368e+16 rate=3.059e+11/s elapsed=2.73h block_eta=6.21h
k=397 t=3  56.85%  idx=8.983159e+15/1.580183e+16 surv=0 checked=5.6389e+16 rate=3.061e+11/s elapsed=2.75h block_eta=6.19h
k=397 t=3  56.98%  idx=9.003498e+15/1.580183e+16 surv=0 checked=5.6409e+16 rate=3.063e+11/s elapsed=2.77h block_eta=6.16h
k=397 t=3  57.11%  idx=9.023836e+15/1.580183e+16 surv=0 checked=5.6429e+16 rate=3.065e+11/s elapsed=2.78h block_eta=6.14h
k=397 t=3  57.24%  idx=9.044180e+15/1.580183e+16 surv=0 checked=5.6450e+16 rate=3.067e+11/s elapsed=2.80h block_eta=6.12h
k=397 t=3  57.35%  idx=9.062430e+15/1.580183e+16 surv=0 checked=5.6468e+16 rate=3.067e+11/s elapsed=2.82h block_eta=6.10h
k=397 t=3  57.46%  idx=9.079901e+15/1.580183e+16 surv=0 checked=5.6485e+16 rate=3.066e+11/s elapsed=2.83h block_eta=6.09h
k=397 t=3  57.57%  idx=9.096971e+15/1.580183e+16 surv=0 checked=5.6502e+16 rate=3.065e+11/s elapsed=2.85h block_eta=6.08h
k=397 t=3  57.66%  idx=9.110997e+15/1.580183e+16 surv=0 checked=5.6516e+16 rate=3.061e+11/s elapsed=2.87h block_eta=6.07h
k=397 t=3  57.76%  idx=9.127450e+15/1.580183e+16 surv=0 checked=5.6533e+16 rate=3.059e+11/s elapsed=2.88h block_eta=6.06h
k=397 t=3  57.87%  idx=9.144704e+15/1.580183e+16 surv=0 checked=5.6550e+16 rate=3.058e+11/s elapsed=2.90h block_eta=6.05h
k=397 t=3  57.97%  idx=9.160749e+15/1.580183e+16 surv=0 checked=5.6566e+16 rate=3.056e+11/s elapsed=2.92h block_eta=6.04h
k=397 t=3  58.07%  idx=9.175915e+15/1.580183e+16 surv=0 checked=5.6581e+16 rate=3.053e+11/s elapsed=2.93h block_eta=6.03h
k=397 t=3  58.18%  idx=9.192752e+15/1.580183e+16 surv=0 checked=5.6598e+16 rate=3.051e+11/s elapsed=2.95h block_eta=6.02h
k=397 t=3  58.29%  idx=9.210221e+15/1.580183e+16 surv=0 checked=5.6616e+16 rate=3.050e+11/s elapsed=2.97h block_eta=6.00h
k=397 t=3  58.37%  idx=9.224182e+15/1.580183e+16 surv=0 checked=5.6630e+16 rate=3.046e+11/s elapsed=2.98h block_eta=6.00h
k=397 t=3  58.48%  idx=9.240261e+15/1.580183e+16 surv=0 checked=5.6646e+16 rate=3.044e+11/s elapsed=3.00h block_eta=5.99h
k=397 t=3  58.59%  idx=9.257964e+15/1.580183e+16 surv=0 checked=5.6663e+16 rate=3.044e+11/s elapsed=3.02h block_eta=5.97h
k=397 t=3  58.69%  idx=9.274211e+15/1.580183e+16 surv=0 checked=5.6680e+16 rate=3.042e+11/s elapsed=3.03h block_eta=5.96h
k=397 t=3  58.80%  idx=9.290882e+15/1.580183e+16 surv=0 checked=5.6696e+16 rate=3.041e+11/s elapsed=3.05h block_eta=5.95h
k=397 t=3  58.90%  idx=9.307003e+15/1.580183e+16 surv=0 checked=5.6712e+16 rate=3.039e+11/s elapsed=3.07h block_eta=5.94h
k=397 t=3  59.02%  idx=9.325563e+15/1.580183e+16 surv=0 checked=5.6731e+16 rate=3.039e+11/s elapsed=3.08h block_eta=5.92h
k=397 t=3  59.13%  idx=9.342837e+15/1.580183e+16 surv=0 checked=5.6748e+16 rate=3.038e+11/s elapsed=3.10h block_eta=5.91h
k=397 t=3  59.23%  idx=9.358873e+15/1.580183e+16 surv=0 checked=5.6764e+16 rate=3.036e+11/s elapsed=3.12h block_eta=5.89h
k=397 t=3  59.33%  idx=9.375621e+15/1.580183e+16 surv=0 checked=5.6781e+16 rate=3.035e+11/s elapsed=3.13h block_eta=5.88h
k=397 t=3  59.44%  idx=9.393073e+15/1.580183e+16 surv=0 checked=5.6799e+16 rate=3.034e+11/s elapsed=3.15h block_eta=5.87h
k=397 t=3  59.56%  idx=9.411831e+15/1.580183e+16 surv=0 checked=5.6817e+16 rate=3.035e+11/s elapsed=3.17h block_eta=5.85h
k=397 t=3  59.67%  idx=9.428312e+15/1.580183e+16 surv=0 checked=5.6834e+16 rate=3.033e+11/s elapsed=3.18h block_eta=5.84h
k=397 t=3  59.78%  idx=9.446432e+15/1.580183e+16 surv=0 checked=5.6852e+16 rate=3.033e+11/s elapsed=3.20h block_eta=5.82h
k=397 t=3  59.88%  idx=9.462794e+15/1.580183e+16 surv=0 checked=5.6868e+16 rate=3.031e+11/s elapsed=3.22h block_eta=5.81h
k=397 t=3  60.00%  idx=9.480422e+15/1.580183e+16 surv=0 checked=5.6886e+16 rate=3.031e+11/s elapsed=3.23h block_eta=5.79h
k=397 t=3  60.11%  idx=9.497801e+15/1.580183e+16 surv=0 checked=5.6903e+16 rate=3.030e+11/s elapsed=3.25h block_eta=5.78h
k=397 t=3  60.21%  idx=9.514087e+15/1.580183e+16 surv=0 checked=5.6920e+16 rate=3.029e+11/s elapsed=3.27h block_eta=5.77h
k=397 t=3  60.32%  idx=9.531709e+15/1.580183e+16 surv=0 checked=5.6937e+16 rate=3.028e+11/s elapsed=3.28h block_eta=5.75h
k=397 t=3  60.43%  idx=9.549727e+15/1.580183e+16 surv=0 checked=5.6955e+16 rate=3.028e+11/s elapsed=3.30h block_eta=5.74h
k=397 t=3  60.54%  idx=9.566426e+15/1.580183e+16 surv=0 checked=5.6972e+16 rate=3.027e+11/s elapsed=3.32h block_eta=5.72h
k=397 t=3  60.64%  idx=9.582414e+15/1.580183e+16 surv=0 checked=5.6988e+16 rate=3.025e+11/s elapsed=3.33h block_eta=5.71h
k=397 t=3  60.76%  idx=9.601642e+15/1.580183e+16 surv=0 checked=5.7007e+16 rate=3.026e+11/s elapsed=3.35h block_eta=5.69h
k=397 t=3  60.87%  idx=9.619063e+15/1.580183e+16 surv=0 checked=5.7025e+16 rate=3.025e+11/s elapsed=3.37h block_eta=5.68h
k=397 t=3  60.99%  idx=9.637015e+15/1.580183e+16 surv=0 checked=5.7042e+16 rate=3.025e+11/s elapsed=3.38h block_eta=5.66h
k=397 t=3  61.10%  idx=9.654295e+15/1.580183e+16 surv=0 checked=5.7060e+16 rate=3.024e+11/s elapsed=3.40h block_eta=5.65h
k=397 t=3  61.21%  idx=9.672801e+15/1.580183e+16 surv=0 checked=5.7078e+16 rate=3.025e+11/s elapsed=3.42h block_eta=5.63h
k=397 t=3  61.32%  idx=9.690149e+15/1.580183e+16 surv=0 checked=5.7096e+16 rate=3.024e+11/s elapsed=3.43h block_eta=5.61h
k=397 t=3  61.43%  idx=9.707431e+15/1.580183e+16 surv=0 checked=5.7113e+16 rate=3.023e+11/s elapsed=3.45h block_eta=5.60h
k=397 t=3  61.54%  idx=9.725097e+15/1.580183e+16 surv=0 checked=5.7131e+16 rate=3.023e+11/s elapsed=3.47h block_eta=5.58h
k=397 t=3  61.65%  idx=9.741502e+15/1.580183e+16 surv=0 checked=5.7147e+16 rate=3.022e+11/s elapsed=3.48h block_eta=5.57h
k=397 t=3  61.76%  idx=9.758663e+15/1.580183e+16 surv=0 checked=5.7164e+16 rate=3.021e+11/s elapsed=3.50h block_eta=5.56h
k=397 t=3  61.87%  idx=9.776277e+15/1.580183e+16 surv=0 checked=5.7182e+16 rate=3.020e+11/s elapsed=3.52h block_eta=5.54h
k=397 t=3  61.98%  idx=9.794173e+15/1.580183e+16 surv=0 checked=5.7200e+16 rate=3.020e+11/s elapsed=3.53h block_eta=5.53h
k=397 t=3  62.10%  idx=9.812177e+15/1.580183e+16 surv=0 checked=5.7218e+16 rate=3.020e+11/s elapsed=3.55h block_eta=5.51h
k=397 t=3  62.20%  idx=9.829442e+15/1.580183e+16 surv=0 checked=5.7235e+16 rate=3.020e+11/s elapsed=3.57h block_eta=5.49h
k=397 t=3  62.31%  idx=9.846387e+15/1.580183e+16 surv=0 checked=5.7252e+16 rate=3.019e+11/s elapsed=3.58h block_eta=5.48h
k=397 t=3  62.42%  idx=9.863934e+15/1.580183e+16 surv=0 checked=5.7269e+16 rate=3.018e+11/s elapsed=3.60h block_eta=5.46h
k=397 t=3  62.52%  idx=9.879664e+15/1.580183e+16 surv=0 checked=5.7285e+16 rate=3.016e+11/s elapsed=3.62h block_eta=5.45h
k=397 t=3  62.64%  idx=9.897725e+15/1.580183e+16 surv=0 checked=5.7303e+16 rate=3.016e+11/s elapsed=3.63h block_eta=5.44h
k=397 t=3  62.75%  idx=9.915105e+15/1.580183e+16 surv=0 checked=5.7321e+16 rate=3.016e+11/s elapsed=3.65h block_eta=5.42h
k=397 t=3  62.86%  idx=9.932340e+15/1.580183e+16 surv=0 checked=5.7338e+16 rate=3.015e+11/s elapsed=3.67h block_eta=5.41h
k=397 t=3  62.96%  idx=9.948640e+15/1.580183e+16 surv=0 checked=5.7354e+16 rate=3.014e+11/s elapsed=3.68h block_eta=5.39h
k=397 t=3  63.07%  idx=9.966548e+15/1.580183e+16 surv=0 checked=5.7372e+16 rate=3.014e+11/s elapsed=3.70h block_eta=5.38h
k=397 t=3  63.18%  idx=9.984084e+15/1.580183e+16 surv=0 checked=5.7390e+16 rate=3.013e+11/s elapsed=3.72h block_eta=5.36h
k=397 t=3  63.29%  idx=1.000172e+16/1.580183e+16 surv=0 checked=5.7407e+16 rate=3.013e+11/s elapsed=3.73h block_eta=5.35h
k=397 t=3  63.42%  idx=1.002171e+16/1.580183e+16 surv=0 checked=5.7427e+16 rate=3.014e+11/s elapsed=3.75h block_eta=5.33h
k=397 t=3  63.54%  idx=1.004098e+16/1.580183e+16 surv=0 checked=5.7446e+16 rate=3.015e+11/s elapsed=3.77h block_eta=5.31h
k=397 t=3  63.65%  idx=1.005827e+16/1.580183e+16 surv=0 checked=5.7464e+16 rate=3.015e+11/s elapsed=3.78h block_eta=5.29h
k=397 t=3  63.76%  idx=1.007551e+16/1.580183e+16 surv=0 checked=5.7481e+16 rate=3.014e+11/s elapsed=3.80h block_eta=5.28h
k=397 t=3  63.87%  idx=1.009260e+16/1.580183e+16 surv=0 checked=5.7498e+16 rate=3.013e+11/s elapsed=3.82h block_eta=5.26h
k=397 t=3  63.98%  idx=1.010993e+16/1.580183e+16 surv=0 checked=5.7515e+16 rate=3.013e+11/s elapsed=3.83h block_eta=5.25h
k=397 t=3  64.09%  idx=1.012756e+16/1.580183e+16 surv=0 checked=5.7533e+16 rate=3.012e+11/s elapsed=3.85h block_eta=5.23h
k=397 t=3  64.20%  idx=1.014506e+16/1.580183e+16 surv=0 checked=5.7551e+16 rate=3.012e+11/s elapsed=3.87h block_eta=5.22h
k=397 t=3  64.32%  idx=1.016374e+16/1.580183e+16 surv=0 checked=5.7569e+16 rate=3.012e+11/s elapsed=3.88h block_eta=5.20h
k=397 t=3  64.44%  idx=1.018256e+16/1.580183e+16 surv=0 checked=5.7588e+16 rate=3.013e+11/s elapsed=3.90h block_eta=5.18h
k=397 t=3  64.54%  idx=1.019858e+16/1.580183e+16 surv=0 checked=5.7604e+16 rate=3.012e+11/s elapsed=3.92h block_eta=5.17h
k=397 t=3  64.65%  idx=1.021534e+16/1.580183e+16 surv=0 checked=5.7621e+16 rate=3.011e+11/s elapsed=3.93h block_eta=5.15h
k=397 t=3  64.76%  idx=1.023279e+16/1.580183e+16 surv=0 checked=5.7638e+16 rate=3.010e+11/s elapsed=3.95h block_eta=5.14h
k=397 t=3  64.87%  idx=1.025071e+16/1.580183e+16 surv=0 checked=5.7656e+16 rate=3.010e+11/s elapsed=3.97h block_eta=5.12h
k=397 t=3  64.98%  idx=1.026798e+16/1.580183e+16 surv=0 checked=5.7673e+16 rate=3.009e+11/s elapsed=3.98h block_eta=5.11h
k=397 t=3  65.10%  idx=1.028649e+16/1.580183e+16 surv=0 checked=5.7692e+16 rate=3.010e+11/s elapsed=4.00h block_eta=5.09h
k=397 t=3  65.20%  idx=1.030265e+16/1.580183e+16 surv=0 checked=5.7708e+16 rate=3.008e+11/s elapsed=4.02h block_eta=5.08h
k=397 t=3  65.31%  idx=1.032060e+16/1.580183e+16 surv=0 checked=5.7726e+16 rate=3.008e+11/s elapsed=4.03h block_eta=5.06h
k=397 t=3  65.43%  idx=1.033936e+16/1.580183e+16 surv=0 checked=5.7745e+16 rate=3.009e+11/s elapsed=4.05h block_eta=5.04h
k=397 t=3  65.54%  idx=1.035663e+16/1.580183e+16 surv=0 checked=5.7762e+16 rate=3.008e+11/s elapsed=4.07h block_eta=5.03h
k=397 t=3  65.66%  idx=1.037547e+16/1.580183e+16 surv=0 checked=5.7781e+16 rate=3.009e+11/s elapsed=4.08h block_eta=5.01h
k=397 t=3  65.77%  idx=1.039359e+16/1.580183e+16 surv=0 checked=5.7799e+16 rate=3.009e+11/s elapsed=4.10h block_eta=4.99h
k=397 t=3  65.90%  idx=1.041302e+16/1.580183e+16 surv=0 checked=5.7818e+16 rate=3.010e+11/s elapsed=4.12h block_eta=4.97h
k=397 t=3  66.01%  idx=1.043012e+16/1.580183e+16 surv=0 checked=5.7836e+16 rate=3.009e+11/s elapsed=4.13h block_eta=4.96h
k=397 t=3  66.12%  idx=1.044749e+16/1.580183e+16 surv=0 checked=5.7853e+16 rate=3.009e+11/s elapsed=4.15h block_eta=4.94h
k=397 t=3  66.23%  idx=1.046599e+16/1.580183e+16 surv=0 checked=5.7871e+16 rate=3.009e+11/s elapsed=4.17h block_eta=4.93h
k=397 t=3  66.35%  idx=1.048417e+16/1.580183e+16 surv=0 checked=5.7890e+16 rate=3.009e+11/s elapsed=4.18h block_eta=4.91h
k=397 t=3  66.46%  idx=1.050226e+16/1.580183e+16 surv=0 checked=5.7908e+16 rate=3.009e+11/s elapsed=4.20h block_eta=4.89h
k=397 t=3  66.58%  idx=1.052040e+16/1.580183e+16 surv=0 checked=5.7926e+16 rate=3.009e+11/s elapsed=4.22h block_eta=4.88h
k=397 t=3  66.70%  idx=1.053927e+16/1.580183e+16 surv=0 checked=5.7945e+16 rate=3.010e+11/s elapsed=4.23h block_eta=4.86h
k=397 t=3  66.81%  idx=1.055662e+16/1.580183e+16 surv=0 checked=5.7962e+16 rate=3.009e+11/s elapsed=4.25h block_eta=4.84h
k=397 t=3  66.92%  idx=1.057410e+16/1.580183e+16 surv=0 checked=5.7980e+16 rate=3.009e+11/s elapsed=4.27h block_eta=4.83h
k=397 t=3  67.03%  idx=1.059219e+16/1.580183e+16 surv=0 checked=5.7998e+16 rate=3.009e+11/s elapsed=4.28h block_eta=4.81h
k=397 t=3  67.15%  idx=1.061016e+16/1.580183e+16 surv=0 checked=5.8016e+16 rate=3.009e+11/s elapsed=4.30h block_eta=4.79h
k=397 t=3  67.26%  idx=1.062812e+16/1.580183e+16 surv=0 checked=5.8034e+16 rate=3.009e+11/s elapsed=4.32h block_eta=4.78h
k=397 t=3  67.37%  idx=1.064549e+16/1.580183e+16 surv=0 checked=5.8051e+16 rate=3.008e+11/s elapsed=4.33h block_eta=4.76h
k=397 t=3  67.48%  idx=1.066324e+16/1.580183e+16 surv=0 checked=5.8069e+16 rate=3.008e+11/s elapsed=4.35h block_eta=4.74h
k=397 t=3  67.59%  idx=1.068110e+16/1.580183e+16 surv=0 checked=5.8087e+16 rate=3.008e+11/s elapsed=4.37h block_eta=4.73h
k=397 t=3  67.69%  idx=1.069697e+16/1.580183e+16 surv=0 checked=5.8102e+16 rate=3.007e+11/s elapsed=4.38h block_eta=4.72h
k=397 t=3  67.80%  idx=1.071388e+16/1.580183e+16 surv=0 checked=5.8119e+16 rate=3.006e+11/s elapsed=4.40h block_eta=4.70h
k=397 t=3  67.91%  idx=1.073155e+16/1.580183e+16 surv=0 checked=5.8137e+16 rate=3.006e+11/s elapsed=4.42h block_eta=4.69h
k=397 t=3  68.02%  idx=1.074883e+16/1.580183e+16 surv=0 checked=5.8154e+16 rate=3.005e+11/s elapsed=4.43h block_eta=4.67h
k=397 t=3  68.14%  idx=1.076699e+16/1.580183e+16 surv=0 checked=5.8172e+16 rate=3.005e+11/s elapsed=4.45h block_eta=4.65h
k=397 t=3  68.26%  idx=1.078575e+16/1.580183e+16 surv=0 checked=5.8191e+16 rate=3.006e+11/s elapsed=4.47h block_eta=4.64h
k=397 t=3  68.37%  idx=1.080384e+16/1.580183e+16 surv=0 checked=5.8209e+16 rate=3.006e+11/s elapsed=4.48h block_eta=4.62h
k=397 t=3  68.49%  idx=1.082200e+16/1.580183e+16 surv=0 checked=5.8227e+16 rate=3.006e+11/s elapsed=4.50h block_eta=4.60h
k=397 t=3  68.59%  idx=1.083866e+16/1.580183e+16 surv=0 checked=5.8244e+16 rate=3.005e+11/s elapsed=4.52h block_eta=4.59h
k=397 t=3  68.70%  idx=1.085575e+16/1.580183e+16 surv=0 checked=5.8261e+16 rate=3.005e+11/s elapsed=4.53h block_eta=4.57h
k=397 t=3  68.81%  idx=1.087372e+16/1.580183e+16 surv=0 checked=5.8279e+16 rate=3.004e+11/s elapsed=4.55h block_eta=4.56h
k=397 t=3  68.93%  idx=1.089223e+16/1.580183e+16 surv=0 checked=5.8298e+16 rate=3.005e+11/s elapsed=4.57h block_eta=4.54h
k=397 t=3  69.04%  idx=1.090913e+16/1.580183e+16 surv=0 checked=5.8315e+16 rate=3.004e+11/s elapsed=4.58h block_eta=4.52h
k=397 t=3  69.15%  idx=1.092666e+16/1.580183e+16 surv=0 checked=5.8332e+16 rate=3.004e+11/s elapsed=4.60h block_eta=4.51h
k=397 t=3  69.27%  idx=1.094516e+16/1.580183e+16 surv=0 checked=5.8351e+16 rate=3.004e+11/s elapsed=4.62h block_eta=4.49h
k=397 t=3  69.38%  idx=1.096392e+16/1.580183e+16 surv=0 checked=5.8369e+16 rate=3.005e+11/s elapsed=4.63h block_eta=4.47h
k=397 t=3  69.49%  idx=1.098131e+16/1.580183e+16 surv=0 checked=5.8387e+16 rate=3.004e+11/s elapsed=4.65h block_eta=4.46h
k=397 t=3  69.60%  idx=1.099745e+16/1.580183e+16 surv=0 checked=5.8403e+16 rate=3.003e+11/s elapsed=4.67h block_eta=4.44h
k=397 t=3  69.71%  idx=1.101528e+16/1.580183e+16 surv=0 checked=5.8421e+16 rate=3.003e+11/s elapsed=4.68h block_eta=4.43h
k=397 t=3  69.81%  idx=1.103090e+16/1.580183e+16 surv=0 checked=5.8436e+16 rate=3.001e+11/s elapsed=4.70h block_eta=4.42h
k=397 t=3  69.92%  idx=1.104935e+16/1.580183e+16 surv=0 checked=5.8455e+16 rate=3.002e+11/s elapsed=4.72h block_eta=4.40h
k=397 t=3  70.04%  idx=1.106725e+16/1.580183e+16 surv=0 checked=5.8473e+16 rate=3.002e+11/s elapsed=4.73h block_eta=4.38h
k=397 t=3  70.15%  idx=1.108440e+16/1.580183e+16 surv=0 checked=5.8490e+16 rate=3.001e+11/s elapsed=4.75h block_eta=4.37h
k=397 t=3  70.25%  idx=1.110115e+16/1.580183e+16 surv=0 checked=5.8507e+16 rate=3.000e+11/s elapsed=4.77h block_eta=4.35h
k=397 t=3  70.36%  idx=1.111861e+16/1.580183e+16 surv=0 checked=5.8524e+16 rate=3.000e+11/s elapsed=4.78h block_eta=4.34h
k=397 t=3  70.48%  idx=1.113659e+16/1.580183e+16 surv=0 checked=5.8542e+16 rate=3.000e+11/s elapsed=4.80h block_eta=4.32h
k=397 t=3  70.59%  idx=1.115406e+16/1.580183e+16 surv=0 checked=5.8560e+16 rate=3.000e+11/s elapsed=4.82h block_eta=4.30h
k=397 t=3  70.70%  idx=1.117229e+16/1.580183e+16 surv=0 checked=5.8578e+16 rate=3.000e+11/s elapsed=4.83h block_eta=4.29h
k=397 t=3  70.81%  idx=1.119000e+16/1.580183e+16 surv=0 checked=5.8595e+16 rate=3.000e+11/s elapsed=4.85h block_eta=4.27h
k=397 t=3  70.92%  idx=1.120722e+16/1.580183e+16 surv=0 checked=5.8613e+16 rate=2.999e+11/s elapsed=4.87h block_eta=4.26h
k=397 t=3  71.04%  idx=1.122495e+16/1.580183e+16 surv=0 checked=5.8630e+16 rate=2.999e+11/s elapsed=4.88h block_eta=4.24h
k=397 t=3  71.15%  idx=1.124291e+16/1.580183e+16 surv=0 checked=5.8648e+16 rate=2.999e+11/s elapsed=4.90h block_eta=4.22h
k=397 t=3  71.25%  idx=1.125925e+16/1.580183e+16 surv=0 checked=5.8665e+16 rate=2.998e+11/s elapsed=4.92h block_eta=4.21h
k=397 t=3  71.37%  idx=1.127771e+16/1.580183e+16 surv=0 checked=5.8683e+16 rate=2.998e+11/s elapsed=4.93h block_eta=4.19h
k=397 t=3  71.48%  idx=1.129468e+16/1.580183e+16 surv=0 checked=5.8700e+16 rate=2.998e+11/s elapsed=4.95h block_eta=4.18h
k=397 t=3  71.59%  idx=1.131332e+16/1.580183e+16 surv=0 checked=5.8719e+16 rate=2.998e+11/s elapsed=4.97h block_eta=4.16h
k=397 t=3  71.71%  idx=1.133095e+16/1.580183e+16 surv=0 checked=5.8736e+16 rate=2.998e+11/s elapsed=4.98h block_eta=4.14h
k=397 t=3  71.82%  idx=1.134928e+16/1.580183e+16 surv=0 checked=5.8755e+16 rate=2.998e+11/s elapsed=5.00h block_eta=4.13h
k=397 t=3  71.94%  idx=1.136839e+16/1.580183e+16 surv=0 checked=5.8774e+16 rate=2.999e+11/s elapsed=5.02h block_eta=4.11h
k=397 t=3  72.06%  idx=1.138614e+16/1.580183e+16 surv=0 checked=5.8792e+16 rate=2.999e+11/s elapsed=5.03h block_eta=4.09h
k=397 t=3  72.18%  idx=1.140644e+16/1.580183e+16 surv=0 checked=5.8812e+16 rate=3.000e+11/s elapsed=5.05h block_eta=4.07h
k=397 t=3  72.31%  idx=1.142677e+16/1.580183e+16 surv=0 checked=5.8832e+16 rate=3.001e+11/s elapsed=5.07h block_eta=4.05h
k=397 t=3  72.44%  idx=1.144712e+16/1.580183e+16 surv=0 checked=5.8853e+16 rate=3.003e+11/s elapsed=5.08h block_eta=4.03h
k=397 t=3  72.57%  idx=1.146745e+16/1.580183e+16 surv=0 checked=5.8873e+16 rate=3.004e+11/s elapsed=5.10h block_eta=4.01h
k=397 t=3  72.70%  idx=1.148778e+16/1.580183e+16 surv=0 checked=5.8893e+16 rate=3.005e+11/s elapsed=5.12h block_eta=3.99h
k=397 t=3  72.83%  idx=1.150811e+16/1.580183e+16 surv=0 checked=5.8914e+16 rate=3.006e+11/s elapsed=5.13h block_eta=3.97h
k=397 t=3  72.96%  idx=1.152844e+16/1.580183e+16 surv=0 checked=5.8934e+16 rate=3.008e+11/s elapsed=5.15h block_eta=3.95h
k=397 t=3  73.09%  idx=1.154877e+16/1.580183e+16 surv=0 checked=5.8954e+16 rate=3.009e+11/s elapsed=5.17h block_eta=3.93h
k=397 t=3  73.21%  idx=1.156910e+16/1.580183e+16 surv=0 checked=5.8975e+16 rate=3.010e+11/s elapsed=5.18h block_eta=3.91h
k=397 t=3  73.34%  idx=1.158943e+16/1.580183e+16 surv=0 checked=5.8995e+16 rate=3.011e+11/s elapsed=5.20h block_eta=3.89h
k=397 t=3  73.47%  idx=1.160977e+16/1.580183e+16 surv=0 checked=5.9015e+16 rate=3.012e+11/s elapsed=5.22h block_eta=3.87h
k=397 t=3  73.60%  idx=1.163010e+16/1.580183e+16 surv=0 checked=5.9036e+16 rate=3.014e+11/s elapsed=5.23h block_eta=3.85h
k=397 t=3  73.72%  idx=1.164978e+16/1.580183e+16 surv=0 checked=5.9055e+16 rate=3.014e+11/s elapsed=5.25h block_eta=3.83h
k=397 t=3  73.82%  idx=1.166566e+16/1.580183e+16 surv=0 checked=5.9071e+16 rate=3.013e+11/s elapsed=5.27h block_eta=3.81h
k=397 t=3  73.93%  idx=1.168284e+16/1.580183e+16 surv=0 checked=5.9088e+16 rate=3.013e+11/s elapsed=5.28h block_eta=3.80h
k=397 t=3  74.04%  idx=1.170030e+16/1.580183e+16 surv=0 checked=5.9106e+16 rate=3.013e+11/s elapsed=5.30h block_eta=3.78h
k=397 t=3  74.15%  idx=1.171765e+16/1.580183e+16 surv=0 checked=5.9123e+16 rate=3.012e+11/s elapsed=5.32h block_eta=3.77h
k=397 t=3  74.27%  idx=1.173569e+16/1.580183e+16 surv=0 checked=5.9141e+16 rate=3.012e+11/s elapsed=5.33h block_eta=3.75h
k=397 t=3  74.37%  idx=1.175216e+16/1.580183e+16 surv=0 checked=5.9158e+16 rate=3.011e+11/s elapsed=5.35h block_eta=3.74h
k=397 t=3  74.49%  idx=1.177061e+16/1.580183e+16 surv=0 checked=5.9176e+16 rate=3.011e+11/s elapsed=5.37h block_eta=3.72h
k=397 t=3  74.60%  idx=1.178793e+16/1.580183e+16 surv=0 checked=5.9193e+16 rate=3.011e+11/s elapsed=5.38h block_eta=3.70h
k=397 t=3  74.70%  idx=1.180440e+16/1.580183e+16 surv=0 checked=5.9210e+16 rate=3.010e+11/s elapsed=5.40h block_eta=3.69h
k=397 t=3  74.82%  idx=1.182266e+16/1.580183e+16 surv=0 checked=5.9228e+16 rate=3.010e+11/s elapsed=5.42h block_eta=3.67h
k=397 t=3  74.93%  idx=1.184005e+16/1.580183e+16 surv=0 checked=5.9246e+16 rate=3.010e+11/s elapsed=5.43h block_eta=3.66h
k=397 t=3  75.05%  idx=1.185886e+16/1.580183e+16 surv=0 checked=5.9264e+16 rate=3.010e+11/s elapsed=5.45h block_eta=3.64h
k=397 t=3  75.17%  idx=1.187782e+16/1.580183e+16 surv=0 checked=5.9283e+16 rate=3.011e+11/s elapsed=5.47h block_eta=3.62h
k=397 t=3  75.29%  idx=1.189718e+16/1.580183e+16 surv=0 checked=5.9303e+16 rate=3.012e+11/s elapsed=5.48h block_eta=3.60h
k=397 t=3  75.41%  idx=1.191614e+16/1.580183e+16 surv=0 checked=5.9322e+16 rate=3.012e+11/s elapsed=5.50h block_eta=3.58h
k=397 t=3  75.53%  idx=1.193491e+16/1.580183e+16 surv=0 checked=5.9340e+16 rate=3.012e+11/s elapsed=5.52h block_eta=3.57h
k=397 t=3  75.65%  idx=1.195447e+16/1.580183e+16 surv=0 checked=5.9360e+16 rate=3.013e+11/s elapsed=5.53h block_eta=3.55h
k=397 t=3  75.77%  idx=1.197266e+16/1.580183e+16 surv=0 checked=5.9378e+16 rate=3.013e+11/s elapsed=5.55h block_eta=3.53h
k=397 t=3  75.88%  idx=1.199082e+16/1.580183e+16 surv=0 checked=5.9396e+16 rate=3.013e+11/s elapsed=5.57h block_eta=3.51h
k=397 t=3  76.00%  idx=1.200967e+16/1.580183e+16 surv=0 checked=5.9415e+16 rate=3.014e+11/s elapsed=5.58h block_eta=3.50h
k=397 t=3  76.13%  idx=1.202915e+16/1.580183e+16 surv=0 checked=5.9435e+16 rate=3.014e+11/s elapsed=5.60h block_eta=3.48h
k=397 t=3  76.24%  idx=1.204724e+16/1.580183e+16 surv=0 checked=5.9453e+16 rate=3.014e+11/s elapsed=5.62h block_eta=3.46h
k=397 t=3  76.35%  idx=1.206542e+16/1.580183e+16 surv=0 checked=5.9471e+16 rate=3.014e+11/s elapsed=5.63h block_eta=3.44h
k=397 t=3  76.47%  idx=1.208356e+16/1.580183e+16 surv=0 checked=5.9489e+16 rate=3.014e+11/s elapsed=5.65h block_eta=3.43h
k=397 t=3  76.58%  idx=1.210172e+16/1.580183e+16 surv=0 checked=5.9507e+16 rate=3.014e+11/s elapsed=5.67h block_eta=3.41h
k=397 t=3  76.70%  idx=1.212032e+16/1.580183e+16 surv=0 checked=5.9526e+16 rate=3.015e+11/s elapsed=5.68h block_eta=3.39h
k=397 t=3  76.82%  idx=1.213855e+16/1.580183e+16 surv=0 checked=5.9544e+16 rate=3.015e+11/s elapsed=5.70h block_eta=3.38h
k=397 t=3  76.94%  idx=1.215727e+16/1.580183e+16 surv=0 checked=5.9563e+16 rate=3.015e+11/s elapsed=5.72h block_eta=3.36h
k=397 t=3  77.05%  idx=1.217471e+16/1.580183e+16 surv=0 checked=5.9580e+16 rate=3.015e+11/s elapsed=5.73h block_eta=3.34h
k=397 t=3  77.17%  idx=1.219350e+16/1.580183e+16 surv=0 checked=5.9599e+16 rate=3.015e+11/s elapsed=5.75h block_eta=3.32h
k=397 t=3  77.29%  idx=1.221275e+16/1.580183e+16 surv=0 checked=5.9618e+16 rate=3.016e+11/s elapsed=5.77h block_eta=3.31h
k=397 t=3  77.41%  idx=1.223196e+16/1.580183e+16 surv=0 checked=5.9637e+16 rate=3.016e+11/s elapsed=5.78h block_eta=3.29h
k=397 t=3  77.52%  idx=1.224969e+16/1.580183e+16 surv=0 checked=5.9655e+16 rate=3.016e+11/s elapsed=5.80h block_eta=3.27h
k=397 t=3  77.63%  idx=1.226753e+16/1.580183e+16 surv=0 checked=5.9673e+16 rate=3.016e+11/s elapsed=5.82h block_eta=3.26h
k=397 t=3  77.75%  idx=1.228527e+16/1.580183e+16 surv=0 checked=5.9691e+16 rate=3.016e+11/s elapsed=5.83h block_eta=3.24h
k=397 t=3  77.85%  idx=1.230229e+16/1.580183e+16 surv=0 checked=5.9708e+16 rate=3.015e+11/s elapsed=5.85h block_eta=3.22h
k=397 t=3  77.96%  idx=1.231927e+16/1.580183e+16 surv=0 checked=5.9725e+16 rate=3.015e+11/s elapsed=5.87h block_eta=3.21h
k=397 t=3  78.07%  idx=1.233590e+16/1.580183e+16 surv=0 checked=5.9741e+16 rate=3.014e+11/s elapsed=5.88h block_eta=3.19h
k=397 t=3  78.17%  idx=1.235223e+16/1.580183e+16 surv=0 checked=5.9758e+16 rate=3.013e+11/s elapsed=5.90h block_eta=3.18h
k=397 t=3  78.27%  idx=1.236866e+16/1.580183e+16 surv=0 checked=5.9774e+16 rate=3.012e+11/s elapsed=5.92h block_eta=3.17h
k=397 t=3  78.38%  idx=1.238532e+16/1.580183e+16 surv=0 checked=5.9791e+16 rate=3.012e+11/s elapsed=5.93h block_eta=3.15h
k=397 t=3  78.49%  idx=1.240219e+16/1.580183e+16 surv=0 checked=5.9808e+16 rate=3.011e+11/s elapsed=5.95h block_eta=3.14h
k=397 t=3  78.59%  idx=1.241918e+16/1.580183e+16 surv=0 checked=5.9825e+16 rate=3.011e+11/s elapsed=5.97h block_eta=3.12h
k=397 t=3  78.71%  idx=1.243810e+16/1.580183e+16 surv=0 checked=5.9844e+16 rate=3.011e+11/s elapsed=5.98h block_eta=3.10h
k=397 t=3  78.84%  idx=1.245794e+16/1.580183e+16 surv=0 checked=5.9863e+16 rate=3.012e+11/s elapsed=6.00h block_eta=3.08h
k=397 t=3  78.96%  idx=1.247774e+16/1.580183e+16 surv=0 checked=5.9883e+16 rate=3.013e+11/s elapsed=6.02h block_eta=3.06h
k=397 t=3  79.09%  idx=1.249764e+16/1.580183e+16 surv=0 checked=5.9903e+16 rate=3.013e+11/s elapsed=6.03h block_eta=3.05h
k=397 t=3  79.22%  idx=1.251764e+16/1.580183e+16 surv=0 checked=5.9923e+16 rate=3.014e+11/s elapsed=6.05h block_eta=3.03h
k=397 t=3  79.34%  idx=1.253781e+16/1.580183e+16 surv=0 checked=5.9943e+16 rate=3.015e+11/s elapsed=6.07h block_eta=3.01h
k=397 t=3  79.47%  idx=1.255783e+16/1.580183e+16 surv=0 checked=5.9963e+16 rate=3.016e+11/s elapsed=6.08h block_eta=2.99h
k=397 t=3  79.60%  idx=1.257817e+16/1.580183e+16 surv=0 checked=5.9984e+16 rate=3.017e+11/s elapsed=6.10h block_eta=2.97h
k=397 t=3  79.73%  idx=1.259852e+16/1.580183e+16 surv=0 checked=6.0004e+16 rate=3.018e+11/s elapsed=6.12h block_eta=2.95h
k=397 t=3  79.86%  idx=1.261886e+16/1.580183e+16 surv=0 checked=6.0024e+16 rate=3.019e+11/s elapsed=6.13h block_eta=2.93h
k=397 t=3  79.99%  idx=1.263920e+16/1.580183e+16 surv=0 checked=6.0045e+16 rate=3.020e+11/s elapsed=6.15h block_eta=2.91h
k=397 t=3  80.11%  idx=1.265954e+16/1.580183e+16 surv=0 checked=6.0065e+16 rate=3.021e+11/s elapsed=6.17h block_eta=2.89h
k=397 t=3  80.24%  idx=1.267987e+16/1.580183e+16 surv=0 checked=6.0085e+16 rate=3.022e+11/s elapsed=6.18h block_eta=2.87h
k=397 t=3  80.37%  idx=1.270021e+16/1.580183e+16 surv=0 checked=6.0106e+16 rate=3.023e+11/s elapsed=6.20h block_eta=2.85h
k=397 t=3  80.50%  idx=1.272054e+16/1.580183e+16 surv=0 checked=6.0126e+16 rate=3.024e+11/s elapsed=6.22h block_eta=2.83h
k=397 t=3  80.63%  idx=1.274088e+16/1.580183e+16 surv=0 checked=6.0146e+16 rate=3.025e+11/s elapsed=6.23h block_eta=2.81h
k=397 t=3  80.76%  idx=1.276114e+16/1.580183e+16 surv=0 checked=6.0167e+16 rate=3.026e+11/s elapsed=6.25h block_eta=2.79h
k=397 t=3  80.88%  idx=1.278048e+16/1.580183e+16 surv=0 checked=6.0186e+16 rate=3.027e+11/s elapsed=6.27h block_eta=2.77h
k=397 t=3  81.00%  idx=1.279970e+16/1.580183e+16 surv=0 checked=6.0205e+16 rate=3.027e+11/s elapsed=6.28h block_eta=2.75h
k=397 t=3  81.12%  idx=1.281865e+16/1.580183e+16 surv=0 checked=6.0224e+16 rate=3.027e+11/s elapsed=6.30h block_eta=2.74h
k=397 t=3  81.24%  idx=1.283746e+16/1.580183e+16 surv=0 checked=6.0243e+16 rate=3.028e+11/s elapsed=6.32h block_eta=2.72h
k=397 t=3  81.36%  idx=1.285634e+16/1.580183e+16 surv=0 checked=6.0262e+16 rate=3.028e+11/s elapsed=6.33h block_eta=2.70h
k=397 t=3  81.48%  idx=1.287543e+16/1.580183e+16 surv=0 checked=6.0281e+16 rate=3.028e+11/s elapsed=6.35h block_eta=2.68h
k=397 t=3  81.60%  idx=1.289456e+16/1.580183e+16 surv=0 checked=6.0300e+16 rate=3.029e+11/s elapsed=6.37h block_eta=2.67h
k=397 t=3  81.72%  idx=1.291378e+16/1.580183e+16 surv=0 checked=6.0319e+16 rate=3.029e+11/s elapsed=6.38h block_eta=2.65h
k=397 t=3  81.85%  idx=1.293307e+16/1.580183e+16 surv=0 checked=6.0339e+16 rate=3.030e+11/s elapsed=6.40h block_eta=2.63h
k=397 t=3  81.97%  idx=1.295308e+16/1.580183e+16 surv=0 checked=6.0359e+16 rate=3.031e+11/s elapsed=6.42h block_eta=2.61h
k=397 t=3  82.10%  idx=1.297294e+16/1.580183e+16 surv=0 checked=6.0378e+16 rate=3.031e+11/s elapsed=6.43h block_eta=2.59h
k=397 t=3  82.22%  idx=1.299258e+16/1.580183e+16 surv=0 checked=6.0398e+16 rate=3.032e+11/s elapsed=6.45h block_eta=2.57h
k=397 t=3  82.35%  idx=1.301226e+16/1.580183e+16 surv=0 checked=6.0418e+16 rate=3.033e+11/s elapsed=6.47h block_eta=2.56h
k=397 t=3  82.47%  idx=1.303185e+16/1.580183e+16 surv=0 checked=6.0437e+16 rate=3.033e+11/s elapsed=6.48h block_eta=2.54h
k=397 t=3  82.59%  idx=1.305151e+16/1.580183e+16 surv=0 checked=6.0457e+16 rate=3.034e+11/s elapsed=6.50h block_eta=2.52h
k=397 t=3  82.72%  idx=1.307121e+16/1.580183e+16 surv=0 checked=6.0477e+16 rate=3.034e+11/s elapsed=6.52h block_eta=2.50h
k=397 t=3  82.84%  idx=1.309094e+16/1.580183e+16 surv=0 checked=6.0496e+16 rate=3.035e+11/s elapsed=6.53h block_eta=2.48h
k=397 t=3  82.97%  idx=1.311051e+16/1.580183e+16 surv=0 checked=6.0516e+16 rate=3.036e+11/s elapsed=6.55h block_eta=2.46h
k=397 t=3  83.09%  idx=1.313024e+16/1.580183e+16 surv=0 checked=6.0536e+16 rate=3.036e+11/s elapsed=6.57h block_eta=2.44h
k=397 t=3  83.22%  idx=1.314983e+16/1.580183e+16 surv=0 checked=6.0555e+16 rate=3.037e+11/s elapsed=6.58h block_eta=2.43h
k=397 t=3  83.34%  idx=1.316944e+16/1.580183e+16 surv=0 checked=6.0575e+16 rate=3.037e+11/s elapsed=6.60h block_eta=2.41h
k=397 t=3  83.47%  idx=1.318914e+16/1.580183e+16 surv=0 checked=6.0595e+16 rate=3.038e+11/s elapsed=6.62h block_eta=2.39h
k=397 t=3  83.59%  idx=1.320867e+16/1.580183e+16 surv=0 checked=6.0614e+16 rate=3.039e+11/s elapsed=6.63h block_eta=2.37h
k=397 t=3  83.71%  idx=1.322834e+16/1.580183e+16 surv=0 checked=6.0634e+16 rate=3.039e+11/s elapsed=6.65h block_eta=2.35h
k=397 t=3  83.84%  idx=1.324793e+16/1.580183e+16 surv=0 checked=6.0653e+16 rate=3.040e+11/s elapsed=6.67h block_eta=2.33h
k=397 t=3  83.96%  idx=1.326746e+16/1.580183e+16 surv=0 checked=6.0673e+16 rate=3.040e+11/s elapsed=6.68h block_eta=2.32h
k=397 t=3  84.09%  idx=1.328697e+16/1.580183e+16 surv=0 checked=6.0692e+16 rate=3.041e+11/s elapsed=6.70h block_eta=2.30h
k=397 t=3  84.20%  idx=1.330592e+16/1.580183e+16 surv=0 checked=6.0711e+16 rate=3.041e+11/s elapsed=6.72h block_eta=2.28h
k=397 t=3  84.33%  idx=1.332492e+16/1.580183e+16 surv=0 checked=6.0730e+16 rate=3.041e+11/s elapsed=6.73h block_eta=2.26h
k=397 t=3  84.44%  idx=1.334367e+16/1.580183e+16 surv=0 checked=6.0749e+16 rate=3.042e+11/s elapsed=6.75h block_eta=2.24h
k=397 t=3  84.56%  idx=1.336271e+16/1.580183e+16 surv=0 checked=6.0768e+16 rate=3.042e+11/s elapsed=6.77h block_eta=2.23h
k=397 t=3  84.69%  idx=1.338184e+16/1.580183e+16 surv=0 checked=6.0787e+16 rate=3.042e+11/s elapsed=6.78h block_eta=2.21h
k=397 t=3  84.81%  idx=1.340107e+16/1.580183e+16 surv=0 checked=6.0807e+16 rate=3.043e+11/s elapsed=6.80h block_eta=2.19h
k=397 t=3  84.93%  idx=1.342038e+16/1.580183e+16 surv=0 checked=6.0826e+16 rate=3.043e+11/s elapsed=6.82h block_eta=2.17h
k=397 t=3  85.05%  idx=1.343983e+16/1.580183e+16 surv=0 checked=6.0845e+16 rate=3.044e+11/s elapsed=6.83h block_eta=2.16h
k=397 t=3  85.17%  idx=1.345872e+16/1.580183e+16 surv=0 checked=6.0864e+16 rate=3.044e+11/s elapsed=6.85h block_eta=2.14h
k=397 t=3  85.29%  idx=1.347748e+16/1.580183e+16 surv=0 checked=6.0883e+16 rate=3.044e+11/s elapsed=6.87h block_eta=2.12h
k=397 t=3  85.41%  idx=1.349640e+16/1.580183e+16 surv=0 checked=6.0902e+16 rate=3.044e+11/s elapsed=6.88h block_eta=2.10h
k=397 t=3  85.53%  idx=1.351487e+16/1.580183e+16 surv=0 checked=6.0920e+16 rate=3.044e+11/s elapsed=6.90h block_eta=2.09h
k=397 t=3  85.64%  idx=1.353329e+16/1.580183e+16 surv=0 checked=6.0939e+16 rate=3.045e+11/s elapsed=6.92h block_eta=2.07h
k=397 t=3  85.76%  idx=1.355232e+16/1.580183e+16 surv=0 checked=6.0958e+16 rate=3.045e+11/s elapsed=6.93h block_eta=2.05h
k=397 t=3  85.88%  idx=1.357119e+16/1.580183e+16 surv=0 checked=6.0977e+16 rate=3.045e+11/s elapsed=6.95h block_eta=2.03h
k=397 t=3  86.00%  idx=1.359012e+16/1.580183e+16 surv=0 checked=6.0996e+16 rate=3.045e+11/s elapsed=6.97h block_eta=2.02h
k=397 t=3  86.13%  idx=1.360953e+16/1.580183e+16 surv=0 checked=6.1015e+16 rate=3.046e+11/s elapsed=6.98h block_eta=2.00h
k=397 t=3  86.25%  idx=1.362893e+16/1.580183e+16 surv=0 checked=6.1034e+16 rate=3.046e+11/s elapsed=7.00h block_eta=1.98h
k=397 t=3  86.37%  idx=1.364870e+16/1.580183e+16 surv=0 checked=6.1054e+16 rate=3.047e+11/s elapsed=7.02h block_eta=1.96h
k=397 t=3  86.50%  idx=1.366825e+16/1.580183e+16 surv=0 checked=6.1074e+16 rate=3.047e+11/s elapsed=7.03h block_eta=1.94h
k=397 t=3  86.62%  idx=1.368781e+16/1.580183e+16 surv=0 checked=6.1093e+16 rate=3.048e+11/s elapsed=7.05h block_eta=1.93h
k=397 t=3  86.74%  idx=1.370686e+16/1.580183e+16 surv=0 checked=6.1112e+16 rate=3.048e+11/s elapsed=7.07h block_eta=1.91h
k=397 t=3  86.86%  idx=1.372573e+16/1.580183e+16 surv=0 checked=6.1131e+16 rate=3.048e+11/s elapsed=7.08h block_eta=1.89h
k=397 t=3  86.98%  idx=1.374453e+16/1.580183e+16 surv=0 checked=6.1150e+16 rate=3.049e+11/s elapsed=7.10h block_eta=1.87h
k=397 t=3  87.10%  idx=1.376364e+16/1.580183e+16 surv=0 checked=6.1169e+16 rate=3.049e+11/s elapsed=7.12h block_eta=1.86h
k=397 t=3  87.22%  idx=1.378302e+16/1.580183e+16 surv=0 checked=6.1188e+16 rate=3.049e+11/s elapsed=7.13h block_eta=1.84h
k=397 t=3  87.35%  idx=1.380228e+16/1.580183e+16 surv=0 checked=6.1208e+16 rate=3.050e+11/s elapsed=7.15h block_eta=1.82h
k=397 t=3  87.47%  idx=1.382159e+16/1.580183e+16 surv=0 checked=6.1227e+16 rate=3.050e+11/s elapsed=7.17h block_eta=1.80h
k=397 t=3  87.59%  idx=1.384121e+16/1.580183e+16 surv=0 checked=6.1247e+16 rate=3.051e+11/s elapsed=7.18h block_eta=1.79h
k=397 t=3  87.72%  idx=1.386078e+16/1.580183e+16 surv=0 checked=6.1266e+16 rate=3.051e+11/s elapsed=7.20h block_eta=1.77h
k=397 t=3  87.84%  idx=1.388043e+16/1.580183e+16 surv=0 checked=6.1286e+16 rate=3.052e+11/s elapsed=7.22h block_eta=1.75h
k=397 t=3  87.96%  idx=1.389969e+16/1.580183e+16 surv=0 checked=6.1305e+16 rate=3.052e+11/s elapsed=7.23h block_eta=1.73h
k=397 t=3  88.08%  idx=1.391883e+16/1.580183e+16 surv=0 checked=6.1324e+16 rate=3.052e+11/s elapsed=7.25h block_eta=1.71h
k=397 t=3  88.21%  idx=1.393808e+16/1.580183e+16 surv=0 checked=6.1344e+16 rate=3.053e+11/s elapsed=7.27h block_eta=1.70h
k=397 t=3  88.33%  idx=1.395704e+16/1.580183e+16 surv=0 checked=6.1363e+16 rate=3.053e+11/s elapsed=7.28h block_eta=1.68h
k=397 t=3  88.45%  idx=1.397608e+16/1.580183e+16 surv=0 checked=6.1382e+16 rate=3.053e+11/s elapsed=7.30h block_eta=1.66h
k=397 t=3  88.57%  idx=1.399540e+16/1.580183e+16 surv=0 checked=6.1401e+16 rate=3.053e+11/s elapsed=7.32h block_eta=1.64h
k=397 t=3  88.69%  idx=1.401473e+16/1.580183e+16 surv=0 checked=6.1420e+16 rate=3.054e+11/s elapsed=7.33h block_eta=1.63h
k=397 t=3  88.81%  idx=1.403409e+16/1.580183e+16 surv=0 checked=6.1440e+16 rate=3.054e+11/s elapsed=7.35h block_eta=1.61h
k=397 t=3  88.94%  idx=1.405337e+16/1.580183e+16 surv=0 checked=6.1459e+16 rate=3.055e+11/s elapsed=7.37h block_eta=1.59h
k=397 t=3  89.06%  idx=1.407281e+16/1.580183e+16 surv=0 checked=6.1478e+16 rate=3.055e+11/s elapsed=7.38h block_eta=1.57h
k=397 t=3  89.18%  idx=1.409253e+16/1.580183e+16 surv=0 checked=6.1498e+16 rate=3.056e+11/s elapsed=7.40h block_eta=1.55h
k=397 t=3  89.31%  idx=1.411211e+16/1.580183e+16 surv=0 checked=6.1518e+16 rate=3.056e+11/s elapsed=7.42h block_eta=1.54h
k=397 t=3  89.43%  idx=1.413148e+16/1.580183e+16 surv=0 checked=6.1537e+16 rate=3.056e+11/s elapsed=7.43h block_eta=1.52h
k=397 t=3  89.55%  idx=1.415057e+16/1.580183e+16 surv=0 checked=6.1556e+16 rate=3.057e+11/s elapsed=7.45h block_eta=1.50h
k=397 t=3  89.67%  idx=1.416979e+16/1.580183e+16 surv=0 checked=6.1575e+16 rate=3.057e+11/s elapsed=7.47h block_eta=1.48h
k=397 t=3  89.79%  idx=1.418875e+16/1.580183e+16 surv=0 checked=6.1594e+16 rate=3.057e+11/s elapsed=7.48h block_eta=1.47h
k=397 t=3  89.91%  idx=1.420784e+16/1.580183e+16 surv=0 checked=6.1613e+16 rate=3.058e+11/s elapsed=7.50h block_eta=1.45h
k=397 t=3  90.03%  idx=1.422710e+16/1.580183e+16 surv=0 checked=6.1633e+16 rate=3.058e+11/s elapsed=7.52h block_eta=1.43h
k=397 t=3  90.16%  idx=1.424645e+16/1.580183e+16 surv=0 checked=6.1652e+16 rate=3.058e+11/s elapsed=7.53h block_eta=1.41h
k=397 t=3  90.28%  idx=1.426586e+16/1.580183e+16 surv=0 checked=6.1671e+16 rate=3.059e+11/s elapsed=7.55h block_eta=1.39h
k=397 t=3  90.40%  idx=1.428509e+16/1.580183e+16 surv=0 checked=6.1691e+16 rate=3.059e+11/s elapsed=7.57h block_eta=1.38h
k=397 t=3  90.52%  idx=1.430434e+16/1.580183e+16 surv=0 checked=6.1710e+16 rate=3.059e+11/s elapsed=7.58h block_eta=1.36h
k=397 t=3  90.65%  idx=1.432405e+16/1.580183e+16 surv=0 checked=6.1730e+16 rate=3.060e+11/s elapsed=7.60h block_eta=1.34h
k=397 t=3  90.77%  idx=1.434351e+16/1.580183e+16 surv=0 checked=6.1749e+16 rate=3.060e+11/s elapsed=7.62h block_eta=1.32h
k=397 t=3  90.89%  idx=1.436279e+16/1.580183e+16 surv=0 checked=6.1768e+16 rate=3.061e+11/s elapsed=7.63h block_eta=1.31h
k=397 t=3  91.02%  idx=1.438227e+16/1.580183e+16 surv=0 checked=6.1788e+16 rate=3.061e+11/s elapsed=7.65h block_eta=1.29h
k=397 t=3  91.14%  idx=1.440186e+16/1.580183e+16 surv=0 checked=6.1807e+16 rate=3.061e+11/s elapsed=7.67h block_eta=1.27h
k=397 t=3  91.26%  idx=1.442135e+16/1.580183e+16 surv=0 checked=6.1827e+16 rate=3.062e+11/s elapsed=7.68h block_eta=1.25h
k=397 t=3  91.39%  idx=1.444065e+16/1.580183e+16 surv=0 checked=6.1846e+16 rate=3.062e+11/s elapsed=7.70h block_eta=1.23h
k=397 t=3  91.51%  idx=1.446011e+16/1.580183e+16 surv=0 checked=6.1866e+16 rate=3.062e+11/s elapsed=7.72h block_eta=1.22h
k=397 t=3  91.63%  idx=1.447972e+16/1.580183e+16 surv=0 checked=6.1885e+16 rate=3.063e+11/s elapsed=7.73h block_eta=1.20h
k=397 t=3  91.76%  idx=1.449907e+16/1.580183e+16 surv=0 checked=6.1905e+16 rate=3.063e+11/s elapsed=7.75h block_eta=1.18h
k=397 t=3  91.88%  idx=1.451855e+16/1.580183e+16 surv=0 checked=6.1924e+16 rate=3.064e+11/s elapsed=7.77h block_eta=1.16h
k=397 t=3  92.00%  idx=1.453818e+16/1.580183e+16 surv=0 checked=6.1944e+16 rate=3.064e+11/s elapsed=7.78h block_eta=1.15h
k=397 t=3  92.13%  idx=1.455767e+16/1.580183e+16 surv=0 checked=6.1963e+16 rate=3.065e+11/s elapsed=7.80h block_eta=1.13h
k=397 t=3  92.25%  idx=1.457744e+16/1.580183e+16 surv=0 checked=6.1983e+16 rate=3.065e+11/s elapsed=7.82h block_eta=1.11h
k=397 t=3  92.38%  idx=1.459740e+16/1.580183e+16 surv=0 checked=6.2003e+16 rate=3.066e+11/s elapsed=7.83h block_eta=1.09h
k=397 t=3  92.50%  idx=1.461729e+16/1.580183e+16 surv=0 checked=6.2023e+16 rate=3.066e+11/s elapsed=7.85h block_eta=1.07h
k=397 t=3  92.63%  idx=1.463718e+16/1.580183e+16 surv=0 checked=6.2043e+16 rate=3.067e+11/s elapsed=7.87h block_eta=1.05h
k=397 t=3  92.76%  idx=1.465708e+16/1.580183e+16 surv=0 checked=6.2063e+16 rate=3.067e+11/s elapsed=7.88h block_eta=1.04h
k=397 t=3  92.88%  idx=1.467682e+16/1.580183e+16 surv=0 checked=6.2082e+16 rate=3.068e+11/s elapsed=7.90h block_eta=1.02h
k=397 t=3  93.01%  idx=1.469666e+16/1.580183e+16 surv=0 checked=6.2102e+16 rate=3.068e+11/s elapsed=7.92h block_eta=1.00h
k=397 t=3  93.13%  idx=1.471659e+16/1.580183e+16 surv=0 checked=6.2122e+16 rate=3.069e+11/s elapsed=7.93h block_eta=0.98h
k=397 t=3  93.26%  idx=1.473636e+16/1.580183e+16 surv=0 checked=6.2142e+16 rate=3.069e+11/s elapsed=7.95h block_eta=0.96h
k=397 t=3  93.38%  idx=1.475634e+16/1.580183e+16 surv=0 checked=6.2162e+16 rate=3.070e+11/s elapsed=7.97h block_eta=0.95h
k=397 t=3  93.51%  idx=1.477624e+16/1.580183e+16 surv=0 checked=6.2182e+16 rate=3.070e+11/s elapsed=7.98h block_eta=0.93h
k=397 t=3  93.64%  idx=1.479607e+16/1.580183e+16 surv=0 checked=6.2202e+16 rate=3.071e+11/s elapsed=8.00h block_eta=0.91h
k=397 t=3  93.76%  idx=1.481594e+16/1.580183e+16 surv=0 checked=6.2221e+16 rate=3.071e+11/s elapsed=8.02h block_eta=0.89h
k=397 t=3  93.89%  idx=1.483580e+16/1.580183e+16 surv=0 checked=6.2241e+16 rate=3.072e+11/s elapsed=8.03h block_eta=0.87h
k=397 t=3  94.01%  idx=1.485572e+16/1.580183e+16 surv=0 checked=6.2261e+16 rate=3.072e+11/s elapsed=8.05h block_eta=0.86h
k=397 t=3  94.14%  idx=1.487571e+16/1.580183e+16 surv=0 checked=6.2281e+16 rate=3.073e+11/s elapsed=8.07h block_eta=0.84h
k=397 t=3  94.27%  idx=1.489564e+16/1.580183e+16 surv=0 checked=6.2301e+16 rate=3.073e+11/s elapsed=8.08h block_eta=0.82h
k=397 t=3  94.39%  idx=1.491550e+16/1.580183e+16 surv=0 checked=6.2321e+16 rate=3.074e+11/s elapsed=8.10h block_eta=0.80h
k=397 t=3  94.52%  idx=1.493538e+16/1.580183e+16 surv=0 checked=6.2341e+16 rate=3.074e+11/s elapsed=8.12h block_eta=0.78h
k=397 t=3  94.64%  idx=1.495528e+16/1.580183e+16 surv=0 checked=6.2361e+16 rate=3.075e+11/s elapsed=8.13h block_eta=0.76h
k=397 t=3  94.77%  idx=1.497503e+16/1.580183e+16 surv=0 checked=6.2381e+16 rate=3.075e+11/s elapsed=8.15h block_eta=0.75h
k=397 t=3  94.89%  idx=1.499493e+16/1.580183e+16 surv=0 checked=6.2400e+16 rate=3.076e+11/s elapsed=8.17h block_eta=0.73h
k=397 t=3  95.02%  idx=1.501483e+16/1.580183e+16 surv=0 checked=6.2420e+16 rate=3.076e+11/s elapsed=8.18h block_eta=0.71h
k=397 t=3  95.15%  idx=1.503465e+16/1.580183e+16 surv=0 checked=6.2440e+16 rate=3.077e+11/s elapsed=8.20h block_eta=0.69h
k=397 t=3  95.27%  idx=1.505443e+16/1.580183e+16 surv=0 checked=6.2460e+16 rate=3.077e+11/s elapsed=8.22h block_eta=0.67h
k=397 t=3  95.40%  idx=1.507426e+16/1.580183e+16 surv=0 checked=6.2480e+16 rate=3.078e+11/s elapsed=8.23h block_eta=0.66h
k=397 t=3  95.52%  idx=1.509390e+16/1.580183e+16 surv=0 checked=6.2499e+16 rate=3.078e+11/s elapsed=8.25h block_eta=0.64h
k=397 t=3  95.64%  idx=1.511337e+16/1.580183e+16 surv=0 checked=6.2519e+16 rate=3.078e+11/s elapsed=8.27h block_eta=0.62h
k=397 t=3  95.77%  idx=1.513310e+16/1.580183e+16 surv=0 checked=6.2539e+16 rate=3.079e+11/s elapsed=8.28h block_eta=0.60h
k=397 t=3  95.89%  idx=1.515293e+16/1.580183e+16 surv=0 checked=6.2558e+16 rate=3.079e+11/s elapsed=8.30h block_eta=0.59h
k=397 t=3  96.02%  idx=1.517267e+16/1.580183e+16 surv=0 checked=6.2578e+16 rate=3.080e+11/s elapsed=8.32h block_eta=0.57h
k=397 t=3  96.14%  idx=1.519258e+16/1.580183e+16 surv=0 checked=6.2598e+16 rate=3.080e+11/s elapsed=8.33h block_eta=0.55h
k=397 t=3  96.27%  idx=1.521238e+16/1.580183e+16 surv=0 checked=6.2618e+16 rate=3.080e+11/s elapsed=8.35h block_eta=0.53h
k=397 t=3  96.40%  idx=1.523233e+16/1.580183e+16 surv=0 checked=6.2638e+16 rate=3.081e+11/s elapsed=8.37h block_eta=0.51h
k=397 t=3  96.52%  idx=1.525219e+16/1.580183e+16 surv=0 checked=6.2658e+16 rate=3.081e+11/s elapsed=8.38h block_eta=0.50h
k=397 t=3  96.65%  idx=1.527206e+16/1.580183e+16 surv=0 checked=6.2678e+16 rate=3.082e+11/s elapsed=8.40h block_eta=0.48h
k=397 t=3  96.77%  idx=1.529198e+16/1.580183e+16 surv=0 checked=6.2697e+16 rate=3.082e+11/s elapsed=8.42h block_eta=0.46h
k=397 t=3  96.90%  idx=1.531179e+16/1.580183e+16 surv=0 checked=6.2717e+16 rate=3.083e+11/s elapsed=8.43h block_eta=0.44h
k=397 t=3  97.02%  idx=1.533166e+16/1.580183e+16 surv=0 checked=6.2737e+16 rate=3.083e+11/s elapsed=8.45h block_eta=0.42h
k=397 t=3  97.15%  idx=1.535171e+16/1.580183e+16 surv=0 checked=6.2757e+16 rate=3.084e+11/s elapsed=8.47h block_eta=0.41h
k=397 t=3  97.28%  idx=1.537205e+16/1.580183e+16 surv=0 checked=6.2778e+16 rate=3.084e+11/s elapsed=8.48h block_eta=0.39h
k=397 t=3  97.41%  idx=1.539238e+16/1.580183e+16 surv=0 checked=6.2798e+16 rate=3.085e+11/s elapsed=8.50h block_eta=0.37h
k=397 t=3  97.54%  idx=1.541272e+16/1.580183e+16 surv=0 checked=6.2818e+16 rate=3.086e+11/s elapsed=8.52h block_eta=0.35h
k=397 t=3  97.67%  idx=1.543305e+16/1.580183e+16 surv=0 checked=6.2839e+16 rate=3.086e+11/s elapsed=8.53h block_eta=0.33h
k=397 t=3  97.80%  idx=1.545341e+16/1.580183e+16 surv=0 checked=6.2859e+16 rate=3.087e+11/s elapsed=8.55h block_eta=0.31h
k=397 t=3  97.92%  idx=1.547377e+16/1.580183e+16 surv=0 checked=6.2879e+16 rate=3.087e+11/s elapsed=8.57h block_eta=0.30h
k=397 t=3  98.05%  idx=1.549412e+16/1.580183e+16 surv=0 checked=6.2900e+16 rate=3.088e+11/s elapsed=8.58h block_eta=0.28h
k=397 t=3  98.18%  idx=1.551447e+16/1.580183e+16 surv=0 checked=6.2920e+16 rate=3.088e+11/s elapsed=8.60h block_eta=0.26h
k=397 t=3  98.31%  idx=1.553482e+16/1.580183e+16 surv=0 checked=6.2940e+16 rate=3.089e+11/s elapsed=8.62h block_eta=0.24h
k=397 t=3  98.44%  idx=1.555517e+16/1.580183e+16 surv=0 checked=6.2961e+16 rate=3.090e+11/s elapsed=8.63h block_eta=0.22h
k=397 t=3  98.57%  idx=1.557552e+16/1.580183e+16 surv=0 checked=6.2981e+16 rate=3.090e+11/s elapsed=8.65h block_eta=0.20h
k=397 t=3  98.70%  idx=1.559587e+16/1.580183e+16 surv=0 checked=6.3001e+16 rate=3.091e+11/s elapsed=8.67h block_eta=0.19h
k=397 t=3  98.83%  idx=1.561624e+16/1.580183e+16 surv=0 checked=6.3022e+16 rate=3.091e+11/s elapsed=8.68h block_eta=0.17h
k=397 t=3  98.95%  idx=1.563660e+16/1.580183e+16 surv=0 checked=6.3042e+16 rate=3.092e+11/s elapsed=8.70h block_eta=0.15h
k=397 t=3  99.08%  idx=1.565698e+16/1.580183e+16 surv=0 checked=6.3062e+16 rate=3.093e+11/s elapsed=8.72h block_eta=0.13h
k=397 t=3  99.21%  idx=1.567735e+16/1.580183e+16 surv=0 checked=6.3083e+16 rate=3.093e+11/s elapsed=8.73h block_eta=0.11h
k=397 t=3  99.34%  idx=1.569770e+16/1.580183e+16 surv=0 checked=6.3103e+16 rate=3.094e+11/s elapsed=8.75h block_eta=0.09h
k=397 t=3  99.47%  idx=1.571805e+16/1.580183e+16 surv=0 checked=6.3124e+16 rate=3.094e+11/s elapsed=8.77h block_eta=0.08h
k=397 t=3  99.60%  idx=1.573840e+16/1.580183e+16 surv=0 checked=6.3144e+16 rate=3.095e+11/s elapsed=8.78h block_eta=0.06h
k=397 t=3  99.73%  idx=1.575876e+16/1.580183e+16 surv=0 checked=6.3164e+16 rate=3.095e+11/s elapsed=8.80h block_eta=0.04h
k=397 t=3  99.86%  idx=1.577911e+16/1.580183e+16 surv=0 checked=6.3185e+16 rate=3.096e+11/s elapsed=8.82h block_eta=0.02h
k=397 t=3  99.99%  idx=1.579947e+16/1.580183e+16 surv=0 checked=6.3205e+16 rate=3.097e+11/s elapsed=8.83h block_eta=0.00h
k=397 block t=3 complete: no survivor passed the referee; advancing
k=397 t=4   0.11%  idx=1.801309e+13/1.580183e+16 surv=0 checked=6.3225e+16 rate=3.097e+11/s elapsed=8.85h block_eta=14.16h
k=397 t=4   0.24%  idx=3.838627e+13/1.580183e+16 surv=0 checked=6.3246e+16 rate=3.098e+11/s elapsed=8.87h block_eta=14.14h
k=397 t=4   0.37%  idx=5.876481e+13/1.580183e+16 surv=0 checked=6.3266e+16 rate=3.098e+11/s elapsed=8.88h block_eta=14.11h
k=397 t=4   0.50%  idx=7.913584e+13/1.580183e+16 surv=0 checked=6.3286e+16 rate=3.099e+11/s elapsed=8.90h block_eta=14.09h
k=397 t=4   0.63%  idx=9.950580e+13/1.580183e+16 surv=0 checked=6.3307e+16 rate=3.099e+11/s elapsed=8.92h block_eta=14.07h
k=397 t=4   0.76%  idx=1.198693e+14/1.580183e+16 surv=0 checked=6.3327e+16 rate=3.100e+11/s elapsed=8.93h block_eta=14.05h
k=397 t=4   0.89%  idx=1.402318e+14/1.580183e+16 surv=0 checked=6.3348e+16 rate=3.100e+11/s elapsed=8.95h block_eta=14.03h
k=397 t=4   1.02%  idx=1.605835e+14/1.580183e+16 surv=0 checked=6.3368e+16 rate=3.101e+11/s elapsed=8.97h block_eta=14.01h
k=397 t=4   1.15%  idx=1.809352e+14/1.580183e+16 surv=0 checked=6.3388e+16 rate=3.101e+11/s elapsed=8.98h block_eta=13.99h
k=397 t=4   1.27%  idx=2.012933e+14/1.580183e+16 surv=0 checked=6.3409e+16 rate=3.102e+11/s elapsed=9.00h block_eta=13.97h
k=397 t=4   1.40%  idx=2.216611e+14/1.580183e+16 surv=0 checked=6.3429e+16 rate=3.103e+11/s elapsed=9.02h block_eta=13.95h
k=397 t=4   1.53%  idx=2.420257e+14/1.580183e+16 surv=0 checked=6.3449e+16 rate=3.103e+11/s elapsed=9.03h block_eta=13.93h
k=397 t=4   1.66%  idx=2.623903e+14/1.580183e+16 surv=0 checked=6.3470e+16 rate=3.104e+11/s elapsed=9.05h block_eta=13.91h
k=397 t=4   1.79%  idx=2.827398e+14/1.580183e+16 surv=0 checked=6.3490e+16 rate=3.104e+11/s elapsed=9.07h block_eta=13.89h
k=397 t=4   1.92%  idx=3.030958e+14/1.580183e+16 surv=0 checked=6.3510e+16 rate=3.105e+11/s elapsed=9.08h block_eta=13.87h
k=397 t=4   2.05%  idx=3.234443e+14/1.580183e+16 surv=0 checked=6.3531e+16 rate=3.105e+11/s elapsed=9.10h block_eta=13.85h
k=397 t=4   2.18%  idx=3.437928e+14/1.580183e+16 surv=0 checked=6.3551e+16 rate=3.106e+11/s elapsed=9.12h block_eta=13.83h
k=397 t=4   2.30%  idx=3.641477e+14/1.580183e+16 surv=0 checked=6.3571e+16 rate=3.106e+11/s elapsed=9.13h block_eta=13.81h
k=397 t=4   2.43%  idx=3.845005e+14/1.580183e+16 surv=0 checked=6.3592e+16 rate=3.107e+11/s elapsed=9.15h block_eta=13.78h
k=397 t=4   2.56%  idx=4.048522e+14/1.580183e+16 surv=0 checked=6.3612e+16 rate=3.107e+11/s elapsed=9.17h block_eta=13.76h
k=397 t=4   2.69%  idx=4.251856e+14/1.580183e+16 surv=0 checked=6.3632e+16 rate=3.108e+11/s elapsed=9.18h block_eta=13.74h
k=397 t=4   2.82%  idx=4.455288e+14/1.580183e+16 surv=0 checked=6.3653e+16 rate=3.108e+11/s elapsed=9.20h block_eta=13.72h
k=397 t=4   2.95%  idx=4.658719e+14/1.580183e+16 surv=0 checked=6.3673e+16 rate=3.109e+11/s elapsed=9.22h block_eta=13.70h
k=397 t=4   3.08%  idx=4.862193e+14/1.580183e+16 surv=0 checked=6.3694e+16 rate=3.109e+11/s elapsed=9.23h block_eta=13.68h
k=397 t=4   3.21%  idx=5.065645e+14/1.580183e+16 surv=0 checked=6.3714e+16 rate=3.110e+11/s elapsed=9.25h block_eta=13.66h
k=397 t=4   3.33%  idx=5.269238e+14/1.580183e+16 surv=0 checked=6.3734e+16 rate=3.110e+11/s elapsed=9.27h block_eta=13.64h
k=397 t=4   3.46%  idx=5.472733e+14/1.580183e+16 surv=0 checked=6.3755e+16 rate=3.111e+11/s elapsed=9.28h block_eta=13.62h
k=397 t=4   3.59%  idx=5.676315e+14/1.580183e+16 surv=0 checked=6.3775e+16 rate=3.111e+11/s elapsed=9.30h block_eta=13.60h
k=397 t=4   3.72%  idx=5.879864e+14/1.580183e+16 surv=0 checked=6.3795e+16 rate=3.112e+11/s elapsed=9.32h block_eta=13.58h
k=397 t=4   3.85%  idx=6.083370e+14/1.580183e+16 surv=0 checked=6.3816e+16 rate=3.112e+11/s elapsed=9.33h block_eta=13.56h
k=397 t=4   3.98%  idx=6.286973e+14/1.580183e+16 surv=0 checked=6.3836e+16 rate=3.113e+11/s elapsed=9.35h block_eta=13.54h
k=397 t=4   4.11%  idx=6.490533e+14/1.580183e+16 surv=0 checked=6.3856e+16 rate=3.113e+11/s elapsed=9.37h block_eta=13.52h
k=397 t=4   4.24%  idx=6.694136e+14/1.580183e+16 surv=0 checked=6.3877e+16 rate=3.114e+11/s elapsed=9.38h block_eta=13.50h
k=397 t=4   4.37%  idx=6.897631e+14/1.580183e+16 surv=0 checked=6.3897e+16 rate=3.114e+11/s elapsed=9.40h block_eta=13.48h
k=397 t=4   4.49%  idx=7.101105e+14/1.580183e+16 surv=0 checked=6.3917e+16 rate=3.115e+11/s elapsed=9.42h block_eta=13.46h
k=397 t=4   4.62%  idx=7.304526e+14/1.580183e+16 surv=0 checked=6.3938e+16 rate=3.115e+11/s elapsed=9.43h block_eta=13.44h
k=397 t=4   4.75%  idx=7.507925e+14/1.580183e+16 surv=0 checked=6.3958e+16 rate=3.116e+11/s elapsed=9.45h block_eta=13.42h
k=397 t=4   4.88%  idx=7.711431e+14/1.580183e+16 surv=0 checked=6.3978e+16 rate=3.116e+11/s elapsed=9.47h block_eta=13.40h
k=397 t=4   5.01%  idx=7.914927e+14/1.580183e+16 surv=0 checked=6.3999e+16 rate=3.117e+11/s elapsed=9.48h block_eta=13.38h
k=397 t=4   5.14%  idx=8.118368e+14/1.580183e+16 surv=0 checked=6.4019e+16 rate=3.117e+11/s elapsed=9.50h block_eta=13.36h
k=397 t=4   5.27%  idx=8.321885e+14/1.580183e+16 surv=0 checked=6.4039e+16 rate=3.118e+11/s elapsed=9.52h block_eta=13.34h
k=397 t=4   5.40%  idx=8.525360e+14/1.580183e+16 surv=0 checked=6.4060e+16 rate=3.118e+11/s elapsed=9.53h block_eta=13.32h
k=397 t=4   5.52%  idx=8.728877e+14/1.580183e+16 surv=0 checked=6.4080e+16 rate=3.119e+11/s elapsed=9.55h block_eta=13.30h
k=397 t=4   5.65%  idx=8.932351e+14/1.580183e+16 surv=0 checked=6.4101e+16 rate=3.119e+11/s elapsed=9.57h block_eta=13.28h
k=397 t=4   5.78%  idx=9.135846e+14/1.580183e+16 surv=0 checked=6.4121e+16 rate=3.120e+11/s elapsed=9.58h block_eta=13.26h
k=397 t=4   5.91%  idx=9.339267e+14/1.580183e+16 surv=0 checked=6.4141e+16 rate=3.120e+11/s elapsed=9.60h block_eta=13.24h
k=397 t=4   6.04%  idx=9.542698e+14/1.580183e+16 surv=0 checked=6.4162e+16 rate=3.121e+11/s elapsed=9.62h block_eta=13.22h
k=397 t=4   6.17%  idx=9.746140e+14/1.580183e+16 surv=0 checked=6.4182e+16 rate=3.121e+11/s elapsed=9.63h block_eta=13.20h
k=397 t=4   6.30%  idx=9.949560e+14/1.580183e+16 surv=0 checked=6.4202e+16 rate=3.122e+11/s elapsed=9.65h block_eta=13.18h
k=397 t=4   6.43%  idx=1.015292e+15/1.580183e+16 surv=0 checked=6.4223e+16 rate=3.122e+11/s elapsed=9.67h block_eta=13.16h
k=397 t=4   6.55%  idx=1.035631e+15/1.580183e+16 surv=0 checked=6.4243e+16 rate=3.122e+11/s elapsed=9.68h block_eta=13.14h
k=397 t=4   6.68%  idx=1.055979e+15/1.580183e+16 surv=0 checked=6.4263e+16 rate=3.123e+11/s elapsed=9.70h block_eta=13.12h
k=397 t=4   6.81%  idx=1.076325e+15/1.580183e+16 surv=0 checked=6.4284e+16 rate=3.123e+11/s elapsed=9.72h block_eta=13.10h
k=397 t=4   6.94%  idx=1.096652e+15/1.580183e+16 surv=0 checked=6.4304e+16 rate=3.124e+11/s elapsed=9.73h block_eta=13.08h
k=397 t=4   7.07%  idx=1.116972e+15/1.580183e+16 surv=0 checked=6.4324e+16 rate=3.124e+11/s elapsed=9.75h block_eta=13.06h
k=397 t=4   7.20%  idx=1.137307e+15/1.580183e+16 surv=0 checked=6.4345e+16 rate=3.125e+11/s elapsed=9.77h block_eta=13.04h
k=397 t=4   7.33%  idx=1.157643e+15/1.580183e+16 surv=0 checked=6.4365e+16 rate=3.125e+11/s elapsed=9.78h block_eta=13.02h
k=397 t=4   7.45%  idx=1.177977e+15/1.580183e+16 surv=0 checked=6.4385e+16 rate=3.126e+11/s elapsed=9.80h block_eta=13.00h
k=397 t=4   7.58%  idx=1.198288e+15/1.580183e+16 surv=0 checked=6.4406e+16 rate=3.126e+11/s elapsed=9.82h block_eta=12.98h
k=397 t=4   7.71%  idx=1.218594e+15/1.580183e+16 surv=0 checked=6.4426e+16 rate=3.127e+11/s elapsed=9.83h block_eta=12.96h
k=397 t=4   7.84%  idx=1.238795e+15/1.580183e+16 surv=0 checked=6.4446e+16 rate=3.127e+11/s elapsed=9.85h block_eta=12.94h
k=397 t=4   7.97%  idx=1.258723e+15/1.580183e+16 surv=0 checked=6.4466e+16 rate=3.127e+11/s elapsed=9.87h block_eta=12.92h
k=397 t=4   8.09%  idx=1.279069e+15/1.580183e+16 surv=0 checked=6.4486e+16 rate=3.128e+11/s elapsed=9.88h block_eta=12.90h
k=397 t=4   8.22%  idx=1.299412e+15/1.580183e+16 surv=1 checked=6.4507e+16 rate=3.128e+11/s elapsed=9.90h block_eta=12.88h
k=397 t=4   8.35%  idx=1.319756e+15/1.580183e+16 surv=1 checked=6.4527e+16 rate=3.129e+11/s elapsed=9.92h block_eta=12.86h
k=397 t=4   8.48%  idx=1.340100e+15/1.580183e+16 surv=1 checked=6.4547e+16 rate=3.129e+11/s elapsed=9.93h block_eta=12.84h
k=397 t=4   8.61%  idx=1.360451e+15/1.580183e+16 surv=1 checked=6.4568e+16 rate=3.129e+11/s elapsed=9.95h block_eta=12.82h
k=397 t=4   8.74%  idx=1.380802e+15/1.580183e+16 surv=1 checked=6.4588e+16 rate=3.130e+11/s elapsed=9.97h block_eta=12.80h
k=397 t=4   8.87%  idx=1.401153e+15/1.580183e+16 surv=1 checked=6.4608e+16 rate=3.130e+11/s elapsed=9.98h block_eta=12.78h
k=397 t=4   9.00%  idx=1.421510e+15/1.580183e+16 surv=1 checked=6.4629e+16 rate=3.131e+11/s elapsed=10.00h block_eta=12.76h
k=397 t=4   9.12%  idx=1.441865e+15/1.580183e+16 surv=1 checked=6.4649e+16 rate=3.131e+11/s elapsed=10.02h block_eta=12.74h
k=397 t=4   9.25%  idx=1.462211e+15/1.580183e+16 surv=1 checked=6.4670e+16 rate=3.132e+11/s elapsed=10.03h block_eta=12.72h
k=397 t=4   9.38%  idx=1.482555e+15/1.580183e+16 surv=1 checked=6.4690e+16 rate=3.132e+11/s elapsed=10.05h block_eta=12.70h
k=397 t=4   9.51%  idx=1.502895e+15/1.580183e+16 surv=1 checked=6.4710e+16 rate=3.132e+11/s elapsed=10.07h block_eta=12.68h
k=397 t=4   9.64%  idx=1.523242e+15/1.580183e+16 surv=1 checked=6.4731e+16 rate=3.133e+11/s elapsed=10.08h block_eta=12.66h
k=397 t=4   9.77%  idx=1.543595e+15/1.580183e+16 surv=1 checked=6.4751e+16 rate=3.133e+11/s elapsed=10.10h block_eta=12.64h
k=397 t=4   9.90%  idx=1.563952e+15/1.580183e+16 surv=1 checked=6.4771e+16 rate=3.134e+11/s elapsed=10.12h block_eta=12.62h
k=397 t=4  10.03%  idx=1.584305e+15/1.580183e+16 surv=1 checked=6.4792e+16 rate=3.134e+11/s elapsed=10.13h block_eta=12.60h
k=397 t=4  10.15%  idx=1.604646e+15/1.580183e+16 surv=1 checked=6.4812e+16 rate=3.135e+11/s elapsed=10.15h block_eta=12.58h
k=397 t=4  10.28%  idx=1.624983e+15/1.580183e+16 surv=1 checked=6.4832e+16 rate=3.135e+11/s elapsed=10.17h block_eta=12.56h
k=397 t=4  10.41%  idx=1.645313e+15/1.580183e+16 surv=1 checked=6.4853e+16 rate=3.135e+11/s elapsed=10.18h block_eta=12.54h
k=397 t=4  10.54%  idx=1.665649e+15/1.580183e+16 surv=1 checked=6.4873e+16 rate=3.136e+11/s elapsed=10.20h block_eta=12.52h
k=397 t=4  10.67%  idx=1.685984e+15/1.580183e+16 surv=1 checked=6.4893e+16 rate=3.136e+11/s elapsed=10.22h block_eta=12.50h
k=397 t=4  10.80%  idx=1.706330e+15/1.580183e+16 surv=1 checked=6.4914e+16 rate=3.137e+11/s elapsed=10.23h block_eta=12.48h
k=397 t=4  10.93%  idx=1.726664e+15/1.580183e+16 surv=1 checked=6.4934e+16 rate=3.137e+11/s elapsed=10.25h block_eta=12.46h
k=397 t=4  11.06%  idx=1.746986e+15/1.580183e+16 surv=1 checked=6.4954e+16 rate=3.138e+11/s elapsed=10.27h block_eta=12.44h
k=397 t=4  11.18%  idx=1.767317e+15/1.580183e+16 surv=1 checked=6.4975e+16 rate=3.138e+11/s elapsed=10.28h block_eta=12.42h
k=397 t=4  11.31%  idx=1.787647e+15/1.580183e+16 surv=1 checked=6.4995e+16 rate=3.138e+11/s elapsed=10.30h block_eta=12.40h
k=397 t=4  11.44%  idx=1.807978e+15/1.580183e+16 surv=1 checked=6.5015e+16 rate=3.139e+11/s elapsed=10.32h block_eta=12.38h
k=397 t=4  11.57%  idx=1.828310e+15/1.580183e+16 surv=1 checked=6.5036e+16 rate=3.139e+11/s elapsed=10.33h block_eta=12.37h
k=397 t=4  11.70%  idx=1.848641e+15/1.580183e+16 surv=1 checked=6.5056e+16 rate=3.140e+11/s elapsed=10.35h block_eta=12.35h
k=397 t=4  11.83%  idx=1.868968e+15/1.580183e+16 surv=1 checked=6.5076e+16 rate=3.140e+11/s elapsed=10.37h block_eta=12.33h
k=397 t=4  11.95%  idx=1.889095e+15/1.580183e+16 surv=1 checked=6.5096e+16 rate=3.140e+11/s elapsed=10.38h block_eta=12.31h
k=397 t=4  12.08%  idx=1.909417e+15/1.580183e+16 surv=1 checked=6.5117e+16 rate=3.141e+11/s elapsed=10.40h block_eta=12.29h
k=397 t=4  12.21%  idx=1.929446e+15/1.580183e+16 surv=1 checked=6.5137e+16 rate=3.141e+11/s elapsed=10.42h block_eta=12.27h
k=397 t=4  12.34%  idx=1.949719e+15/1.580183e+16 surv=1 checked=6.5157e+16 rate=3.141e+11/s elapsed=10.43h block_eta=12.25h
k=397 t=4  12.47%  idx=1.970060e+15/1.580183e+16 surv=1 checked=6.5177e+16 rate=3.142e+11/s elapsed=10.45h block_eta=12.23h
k=397 t=4  12.60%  idx=1.990395e+15/1.580183e+16 surv=1 checked=6.5198e+16 rate=3.142e+11/s elapsed=10.47h block_eta=12.21h
k=397 t=4  12.72%  idx=2.010728e+15/1.580183e+16 surv=1 checked=6.5218e+16 rate=3.143e+11/s elapsed=10.48h block_eta=12.19h
k=397 t=4  12.85%  idx=2.031055e+15/1.580183e+16 surv=1 checked=6.5238e+16 rate=3.143e+11/s elapsed=10.50h block_eta=12.17h
k=397 t=4  12.98%  idx=2.051376e+15/1.580183e+16 surv=1 checked=6.5259e+16 rate=3.143e+11/s elapsed=10.52h block_eta=12.15h
k=397 t=4  13.11%  idx=2.071701e+15/1.580183e+16 surv=1 checked=6.5279e+16 rate=3.144e+11/s elapsed=10.53h block_eta=12.13h
k=397 t=4  13.24%  idx=2.092017e+15/1.580183e+16 surv=1 checked=6.5299e+16 rate=3.144e+11/s elapsed=10.55h block_eta=12.11h
k=397 t=4  13.37%  idx=2.112338e+15/1.580183e+16 surv=1 checked=6.5320e+16 rate=3.144e+11/s elapsed=10.57h block_eta=12.09h
k=397 t=4  13.50%  idx=2.132638e+15/1.580183e+16 surv=1 checked=6.5340e+16 rate=3.145e+11/s elapsed=10.58h block_eta=12.07h
k=397 t=4  13.62%  idx=2.152938e+15/1.580183e+16 surv=1 checked=6.5360e+16 rate=3.145e+11/s elapsed=10.60h block_eta=12.05h
k=397 t=4  13.75%  idx=2.173160e+15/1.580183e+16 surv=1 checked=6.5380e+16 rate=3.146e+11/s elapsed=10.62h block_eta=12.04h
k=397 t=4  13.88%  idx=2.193176e+15/1.580183e+16 surv=1 checked=6.5400e+16 rate=3.146e+11/s elapsed=10.63h block_eta=12.02h
k=397 t=4  14.00%  idx=2.213025e+15/1.580183e+16 surv=1 checked=6.5420e+16 rate=3.146e+11/s elapsed=10.65h block_eta=12.00h
k=397 t=4  14.13%  idx=2.233326e+15/1.580183e+16 surv=1 checked=6.5441e+16 rate=3.146e+11/s elapsed=10.67h block_eta=11.98h
k=397 t=4  14.26%  idx=2.253629e+15/1.580183e+16 surv=1 checked=6.5461e+16 rate=3.147e+11/s elapsed=10.68h block_eta=11.96h
k=397 t=4  14.39%  idx=2.273935e+15/1.580183e+16 surv=1 checked=6.5481e+16 rate=3.147e+11/s elapsed=10.70h block_eta=11.94h
k=397 t=4  14.52%  idx=2.294239e+15/1.580183e+16 surv=1 checked=6.5502e+16 rate=3.148e+11/s elapsed=10.72h block_eta=11.92h
k=397 t=4  14.65%  idx=2.314544e+15/1.580183e+16 surv=1 checked=6.5522e+16 rate=3.148e+11/s elapsed=10.73h block_eta=11.90h
k=397 t=4  14.78%  idx=2.334832e+15/1.580183e+16 surv=1 checked=6.5542e+16 rate=3.148e+11/s elapsed=10.75h block_eta=11.88h
k=397 t=4  14.90%  idx=2.355121e+15/1.580183e+16 surv=1 checked=6.5562e+16 rate=3.149e+11/s elapsed=10.77h block_eta=11.86h
k=397 t=4  15.03%  idx=2.375200e+15/1.580183e+16 surv=1 checked=6.5583e+16 rate=3.149e+11/s elapsed=10.78h block_eta=11.84h
k=397 t=4  15.16%  idx=2.395240e+15/1.580183e+16 surv=1 checked=6.5603e+16 rate=3.149e+11/s elapsed=10.80h block_eta=11.83h
k=397 t=4  15.29%  idx=2.415580e+15/1.580183e+16 surv=1 checked=6.5623e+16 rate=3.150e+11/s elapsed=10.82h block_eta=11.81h
k=397 t=4  15.42%  idx=2.435928e+15/1.580183e+16 surv=1 checked=6.5643e+16 rate=3.150e+11/s elapsed=10.83h block_eta=11.79h
k=397 t=4  15.54%  idx=2.456280e+15/1.580183e+16 surv=1 checked=6.5664e+16 rate=3.150e+11/s elapsed=10.85h block_eta=11.77h
k=397 t=4  15.67%  idx=2.476628e+15/1.580183e+16 surv=1 checked=6.5684e+16 rate=3.151e+11/s elapsed=10.87h block_eta=11.75h
k=397 t=4  15.80%  idx=2.496982e+15/1.580183e+16 surv=1 checked=6.5704e+16 rate=3.151e+11/s elapsed=10.88h block_eta=11.73h
k=397 t=4  15.93%  idx=2.517326e+15/1.580183e+16 surv=1 checked=6.5725e+16 rate=3.152e+11/s elapsed=10.90h block_eta=11.71h
k=397 t=4  16.06%  idx=2.537667e+15/1.580183e+16 surv=1 checked=6.5745e+16 rate=3.152e+11/s elapsed=10.92h block_eta=11.69h
k=397 t=4  16.19%  idx=2.558015e+15/1.580183e+16 surv=1 checked=6.5765e+16 rate=3.152e+11/s elapsed=10.93h block_eta=11.67h
k=397 t=4  16.32%  idx=2.578364e+15/1.580183e+16 surv=1 checked=6.5786e+16 rate=3.153e+11/s elapsed=10.95h block_eta=11.65h
k=397 t=4  16.45%  idx=2.598713e+15/1.580183e+16 surv=1 checked=6.5806e+16 rate=3.153e+11/s elapsed=10.97h block_eta=11.63h
k=397 t=4  16.57%  idx=2.619062e+15/1.580183e+16 surv=1 checked=6.5826e+16 rate=3.153e+11/s elapsed=10.98h block_eta=11.61h
k=397 t=4  16.70%  idx=2.639406e+15/1.580183e+16 surv=1 checked=6.5847e+16 rate=3.154e+11/s elapsed=11.00h block_eta=11.59h
k=397 t=4  16.83%  idx=2.659633e+15/1.580183e+16 surv=1 checked=6.5867e+16 rate=3.154e+11/s elapsed=11.02h block_eta=11.57h
k=397 t=4  16.95%  idx=2.679189e+15/1.580183e+16 surv=1 checked=6.5886e+16 rate=3.154e+11/s elapsed=11.03h block_eta=11.56h
k=397 t=4  17.08%  idx=2.698889e+15/1.580183e+16 surv=1 checked=6.5906e+16 rate=3.154e+11/s elapsed=11.05h block_eta=11.54h
k=397 t=4  17.20%  idx=2.718652e+15/1.580183e+16 surv=1 checked=6.5926e+16 rate=3.155e+11/s elapsed=11.07h block_eta=11.52h
k=397 t=4  17.33%  idx=2.738493e+15/1.580183e+16 surv=1 checked=6.5946e+16 rate=3.155e+11/s elapsed=11.08h block_eta=11.50h
k=397 t=4  17.46%  idx=2.758417e+15/1.580183e+16 surv=1 checked=6.5966e+16 rate=3.155e+11/s elapsed=11.10h block_eta=11.48h
k=397 t=4  17.58%  idx=2.778427e+15/1.580183e+16 surv=1 checked=6.5986e+16 rate=3.155e+11/s elapsed=11.12h block_eta=11.47h
k=397 t=4  17.71%  idx=2.798447e+15/1.580183e+16 surv=1 checked=6.6006e+16 rate=3.156e+11/s elapsed=11.13h block_eta=11.45h
# RESUME k=397 engine=gpu_sieve_v9 block t=4 residues_done=2798239850275200/15801827328000000 (17.71%) survivors=1 restarts=8
k=397 t=4  17.84%  idx=2.818949e+15/1.580183e+16 surv=1 checked=6.6026e+16 rate=3.451e+11/s elapsed=0.02h block_eta=10.45h
k=397 t=4  17.97%  idx=2.839305e+15/1.580183e+16 surv=1 checked=6.6047e+16 rate=3.422e+11/s elapsed=0.03h block_eta=10.52h
k=397 t=4  18.10%  idx=2.859480e+15/1.580183e+16 surv=1 checked=6.6067e+16 rate=3.402e+11/s elapsed=0.05h block_eta=10.57h
k=397 t=4  18.22%  idx=2.879595e+15/1.580183e+16 surv=1 checked=6.6087e+16 rate=3.390e+11/s elapsed=0.07h block_eta=10.59h
k=397 t=4  18.35%  idx=2.899720e+15/1.580183e+16 surv=1 checked=6.6107e+16 rate=3.383e+11/s elapsed=0.08h block_eta=10.60h
k=397 t=4  18.48%  idx=2.919768e+15/1.580183e+16 surv=1 checked=6.6127e+16 rate=3.376e+11/s elapsed=0.10h block_eta=10.60h
k=397 t=4  18.60%  idx=2.939905e+15/1.580183e+16 surv=1 checked=6.6147e+16 rate=3.373e+11/s elapsed=0.12h block_eta=10.59h
k=397 t=4  18.73%  idx=2.959814e+15/1.580183e+16 surv=1 checked=6.6167e+16 rate=3.366e+11/s elapsed=0.13h block_eta=10.60h
k=397 t=4  18.86%  idx=2.979920e+15/1.580183e+16 surv=1 checked=6.6187e+16 rate=3.364e+11/s elapsed=0.15h block_eta=10.59h
k=397 t=4  18.99%  idx=3.000067e+15/1.580183e+16 surv=1 checked=6.6207e+16 rate=3.364e+11/s elapsed=0.17h block_eta=10.57h
k=397 t=4  19.11%  idx=3.020219e+15/1.580183e+16 surv=1 checked=6.6228e+16 rate=3.363e+11/s elapsed=0.18h block_eta=10.56h
k=397 t=4  19.24%  idx=3.040358e+15/1.580183e+16 surv=1 checked=6.6248e+16 rate=3.358e+11/s elapsed=0.20h block_eta=10.56h
k=397 t=4  19.31%  idx=3.050633e+15/1.580183e+16 surv=1 checked=6.6258e+16 rate=3.232e+11/s elapsed=0.22h block_eta=10.96h
k=397 t=4  19.43%  idx=3.070911e+15/1.580183e+16 surv=1 checked=6.6278e+16 rate=3.242e+11/s elapsed=0.23h block_eta=10.91h
k=397 t=4  19.50%  idx=3.081885e+15/1.580183e+16 surv=1 checked=6.6289e+16 rate=3.148e+11/s elapsed=0.25h block_eta=11.22h
k=397 t=4  19.56%  idx=3.090417e+15/1.580183e+16 surv=1 checked=6.6298e+16 rate=3.040e+11/s elapsed=0.27h block_eta=11.61h
k=397 t=4  19.65%  idx=3.105495e+15/1.580183e+16 surv=1 checked=6.6313e+16 rate=3.009e+11/s elapsed=0.28h block_eta=11.72h
k=397 t=4  19.78%  idx=3.125706e+15/1.580183e+16 surv=1 checked=6.6333e+16 rate=3.029e+11/s elapsed=0.30h block_eta=11.62h
k=397 t=4  19.91%  idx=3.145832e+15/1.580183e+16 surv=1 checked=6.6353e+16 rate=3.046e+11/s elapsed=0.32h block_eta=11.54h
k=397 t=4  20.03%  idx=3.164713e+15/1.580183e+16 surv=1 checked=6.6372e+16 rate=3.051e+11/s elapsed=0.33h block_eta=11.50h
k=397 t=4  20.15%  idx=3.183290e+15/1.580183e+16 surv=1 checked=6.6391e+16 rate=3.053e+11/s elapsed=0.35h block_eta=11.48h
k=397 t=4  20.27%  idx=3.202262e+15/1.580183e+16 surv=1 checked=6.6410e+16 rate=3.058e+11/s elapsed=0.37h block_eta=11.44h
k=397 t=4  20.39%  idx=3.221491e+15/1.580183e+16 surv=1 checked=6.6429e+16 rate=3.065e+11/s elapsed=0.38h block_eta=11.40h
k=397 t=4  20.51%  idx=3.241287e+15/1.580183e+16 surv=1 checked=6.6449e+16 rate=3.075e+11/s elapsed=0.40h block_eta=11.35h
k=397 t=4  20.64%  idx=3.261518e+15/1.580183e+16 surv=1 checked=6.6469e+16 rate=3.086e+11/s elapsed=0.42h block_eta=11.29h
k=397 t=4  20.77%  idx=3.281764e+15/1.580183e+16 surv=1 checked=6.6489e+16 rate=3.097e+11/s elapsed=0.43h block_eta=11.23h
k=397 t=4  20.90%  idx=3.302001e+15/1.580183e+16 surv=1 checked=6.6509e+16 rate=3.108e+11/s elapsed=0.45h block_eta=11.17h
k=397 t=4  21.02%  idx=3.322257e+15/1.580183e+16 surv=1 checked=6.6530e+16 rate=3.117e+11/s elapsed=0.47h block_eta=11.12h
k=397 t=4  21.15%  idx=3.342530e+15/1.580183e+16 surv=1 checked=6.6550e+16 rate=3.126e+11/s elapsed=0.48h block_eta=11.07h
k=397 t=4  21.28%  idx=3.362800e+15/1.580183e+16 surv=1 checked=6.6570e+16 rate=3.135e+11/s elapsed=0.50h block_eta=11.02h
k=397 t=4  21.41%  idx=3.383088e+15/1.580183e+16 surv=1 checked=6.6590e+16 rate=3.143e+11/s elapsed=0.52h block_eta=10.98h
k=397 t=4  21.54%  idx=3.403369e+15/1.580183e+16 surv=1 checked=6.6611e+16 rate=3.150e+11/s elapsed=0.53h block_eta=10.93h
k=397 t=4  21.67%  idx=3.423651e+15/1.580183e+16 surv=1 checked=6.6631e+16 rate=3.157e+11/s elapsed=0.55h block_eta=10.89h
k=397 t=4  21.79%  idx=3.443909e+15/1.580183e+16 surv=1 checked=6.6651e+16 rate=3.163e+11/s elapsed=0.57h block_eta=10.85h
k=397 t=4  21.92%  idx=3.464161e+15/1.580183e+16 surv=1 checked=6.6671e+16 rate=3.169e+11/s elapsed=0.58h block_eta=10.81h
k=397 t=4  22.05%  idx=3.484436e+15/1.580183e+16 surv=1 checked=6.6692e+16 rate=3.175e+11/s elapsed=0.60h block_eta=10.78h
k=397 t=4  22.18%  idx=3.504719e+15/1.580183e+16 surv=1 checked=6.6712e+16 rate=3.181e+11/s elapsed=0.62h block_eta=10.74h
k=397 t=4  22.31%  idx=3.524998e+15/1.580183e+16 surv=1 checked=6.6732e+16 rate=3.186e+11/s elapsed=0.63h block_eta=10.70h
k=397 t=4  22.44%  idx=3.545284e+15/1.580183e+16 surv=1 checked=6.6753e+16 rate=3.191e+11/s elapsed=0.65h block_eta=10.67h
k=397 t=4  22.54%  idx=3.561806e+15/1.580183e+16 surv=1 checked=6.6769e+16 rate=3.180e+11/s elapsed=0.67h block_eta=10.69h
k=397 t=4  22.64%  idx=3.578146e+15/1.580183e+16 surv=1 checked=6.6785e+16 rate=3.169e+11/s elapsed=0.68h block_eta=10.71h
k=397 t=4  22.77%  idx=3.598375e+15/1.580183e+16 surv=1 checked=6.6806e+16 rate=3.174e+11/s elapsed=0.70h block_eta=10.68h
k=397 t=4  22.88%  idx=3.616141e+15/1.580183e+16 surv=1 checked=6.6823e+16 rate=3.169e+11/s elapsed=0.72h block_eta=10.68h
k=397 t=4  22.94%  idx=3.624691e+15/1.580183e+16 surv=1 checked=6.6832e+16 rate=3.129e+11/s elapsed=0.73h block_eta=10.81h
k=397 t=4  23.04%  idx=3.641220e+15/1.580183e+16 surv=1 checked=6.6849e+16 rate=3.121e+11/s elapsed=0.75h block_eta=10.82h
k=397 t=4  23.17%  idx=3.661492e+15/1.580183e+16 surv=1 checked=6.6869e+16 rate=3.127e+11/s elapsed=0.77h block_eta=10.79h
k=397 t=4  23.30%  idx=3.681727e+15/1.580183e+16 surv=1 checked=6.6889e+16 rate=3.132e+11/s elapsed=0.78h block_eta=10.75h
k=397 t=4  23.42%  idx=3.701509e+15/1.580183e+16 surv=1 checked=6.6909e+16 rate=3.135e+11/s elapsed=0.80h block_eta=10.72h
k=397 t=4  23.55%  idx=3.721784e+15/1.580183e+16 surv=1 checked=6.6929e+16 rate=3.140e+11/s elapsed=0.82h block_eta=10.69h
k=397 t=4  23.68%  idx=3.742063e+15/1.580183e+16 surv=1 checked=6.6949e+16 rate=3.145e+11/s elapsed=0.83h block_eta=10.65h
k=397 t=4  23.81%  idx=3.762342e+15/1.580183e+16 surv=1 checked=6.6970e+16 rate=3.150e+11/s elapsed=0.85h block_eta=10.62h
k=397 t=4  23.94%  idx=3.782630e+15/1.580183e+16 surv=1 checked=6.6990e+16 rate=3.154e+11/s elapsed=0.87h block_eta=10.59h
k=397 t=4  24.07%  idx=3.802868e+15/1.580183e+16 surv=1 checked=6.7010e+16 rate=3.158e+11/s elapsed=0.88h block_eta=10.55h
k=397 t=4  24.19%  idx=3.823111e+15/1.580183e+16 surv=1 checked=6.7030e+16 rate=3.162e+11/s elapsed=0.90h block_eta=10.52h
k=397 t=4  24.32%  idx=3.843347e+15/1.580183e+16 surv=1 checked=6.7051e+16 rate=3.166e+11/s elapsed=0.92h block_eta=10.49h
k=397 t=4  24.45%  idx=3.863584e+15/1.580183e+16 surv=1 checked=6.7071e+16 rate=3.170e+11/s elapsed=0.93h block_eta=10.46h
k=397 t=4  24.58%  idx=3.883820e+15/1.580183e+16 surv=1 checked=6.7091e+16 rate=3.173e+11/s elapsed=0.95h block_eta=10.43h
k=397 t=4  24.71%  idx=3.904058e+15/1.580183e+16 surv=1 checked=6.7111e+16 rate=3.177e+11/s elapsed=0.97h block_eta=10.40h
k=397 t=4  24.83%  idx=3.924302e+15/1.580183e+16 surv=1 checked=6.7132e+16 rate=3.180e+11/s elapsed=0.98h block_eta=10.38h
k=397 t=4  24.96%  idx=3.944575e+15/1.580183e+16 surv=1 checked=6.7152e+16 rate=3.183e+11/s elapsed=1.00h block_eta=10.35h
k=397 t=4  25.09%  idx=3.964853e+15/1.580183e+16 surv=1 checked=6.7172e+16 rate=3.187e+11/s elapsed=1.02h block_eta=10.32h
k=397 t=4  25.22%  idx=3.985126e+15/1.580183e+16 surv=1 checked=6.7192e+16 rate=3.190e+11/s elapsed=1.03h block_eta=10.29h
k=397 t=4  25.35%  idx=4.005401e+15/1.580183e+16 surv=1 checked=6.7213e+16 rate=3.193e+11/s elapsed=1.05h block_eta=10.26h
k=397 t=4  25.48%  idx=4.025674e+15/1.580183e+16 surv=1 checked=6.7233e+16 rate=3.196e+11/s elapsed=1.07h block_eta=10.24h
k=397 t=4  25.60%  idx=4.045959e+15/1.580183e+16 surv=1 checked=6.7253e+16 rate=3.198e+11/s elapsed=1.08h block_eta=10.21h
k=397 t=4  25.73%  idx=4.066248e+15/1.580183e+16 surv=1 checked=6.7274e+16 rate=3.201e+11/s elapsed=1.10h block_eta=10.18h
k=397 t=4  25.86%  idx=4.086537e+15/1.580183e+16 surv=1 checked=6.7294e+16 rate=3.204e+11/s elapsed=1.12h block_eta=10.16h
k=397 t=4  25.99%  idx=4.106813e+15/1.580183e+16 surv=1 checked=6.7314e+16 rate=3.206e+11/s elapsed=1.13h block_eta=10.13h
k=397 t=4  26.12%  idx=4.127090e+15/1.580183e+16 surv=1 checked=6.7334e+16 rate=3.209e+11/s elapsed=1.15h block_eta=10.11h
k=397 t=4  26.25%  idx=4.147365e+15/1.580183e+16 surv=1 checked=6.7355e+16 rate=3.211e+11/s elapsed=1.17h block_eta=10.08h
k=397 t=4  26.37%  idx=4.167641e+15/1.580183e+16 surv=1 checked=6.7375e+16 rate=3.214e+11/s elapsed=1.18h block_eta=10.06h
k=397 t=4  26.50%  idx=4.187911e+15/1.580183e+16 surv=1 checked=6.7395e+16 rate=3.216e+11/s elapsed=1.20h block_eta=10.03h
k=397 t=4  26.63%  idx=4.208188e+15/1.580183e+16 surv=1 checked=6.7415e+16 rate=3.218e+11/s elapsed=1.22h block_eta=10.01h
k=397 t=4  26.76%  idx=4.228460e+15/1.580183e+16 surv=1 checked=6.7436e+16 rate=3.220e+11/s elapsed=1.23h block_eta=9.98h
k=397 t=4  26.89%  idx=4.248734e+15/1.580183e+16 surv=1 checked=6.7456e+16 rate=3.223e+11/s elapsed=1.25h block_eta=9.96h
k=397 t=4  27.02%  idx=4.269008e+15/1.580183e+16 surv=1 checked=6.7476e+16 rate=3.225e+11/s elapsed=1.27h block_eta=9.93h
k=397 t=4  27.14%  idx=4.289287e+15/1.580183e+16 surv=1 checked=6.7497e+16 rate=3.227e+11/s elapsed=1.28h block_eta=9.91h
